-- phpMyAdmin SQL Dump
-- version 4.8.0.1
-- https://www.phpmyadmin.net/
--
-- Host: 127.0.0.1
-- Generation Time: Dec 03, 2018 at 12:47 PM
-- Server version: 10.1.32-MariaDB
-- PHP Version: 7.0.30

SET SQL_MODE = "NO_AUTO_VALUE_ON_ZERO";
SET AUTOCOMMIT = 0;
START TRANSACTION;
SET time_zone = "+00:00";


/*!40101 SET @OLD_CHARACTER_SET_CLIENT=@@CHARACTER_SET_CLIENT */;
/*!40101 SET @OLD_CHARACTER_SET_RESULTS=@@CHARACTER_SET_RESULTS */;
/*!40101 SET @OLD_COLLATION_CONNECTION=@@COLLATION_CONNECTION */;
/*!40101 SET NAMES utf8mb4 */;

--
-- Database: `eapi`
--

-- --------------------------------------------------------

--
-- Table structure for table `migrations`
--

CREATE TABLE `migrations` (
  `id` int(10) UNSIGNED NOT NULL,
  `migration` varchar(191) COLLATE utf8mb4_unicode_ci NOT NULL,
  `batch` int(11) NOT NULL
) ENGINE=InnoDB DEFAULT CHARSET=utf8mb4 COLLATE=utf8mb4_unicode_ci;

--
-- Dumping data for table `migrations`
--

INSERT INTO `migrations` (`id`, `migration`, `batch`) VALUES
(1, '2014_10_12_000000_create_users_table', 1),
(2, '2014_10_12_100000_create_password_resets_table', 1),
(3, '2018_12_03_104438_create_products_table', 1),
(4, '2018_12_03_104455_create_reviews_table', 1);

-- --------------------------------------------------------

--
-- Table structure for table `password_resets`
--

CREATE TABLE `password_resets` (
  `email` varchar(191) COLLATE utf8mb4_unicode_ci NOT NULL,
  `token` varchar(191) COLLATE utf8mb4_unicode_ci NOT NULL,
  `created_at` timestamp NULL DEFAULT NULL
) ENGINE=InnoDB DEFAULT CHARSET=utf8mb4 COLLATE=utf8mb4_unicode_ci;

-- --------------------------------------------------------

--
-- Table structure for table `products`
--

CREATE TABLE `products` (
  `id` int(10) UNSIGNED NOT NULL,
  `name` varchar(191) COLLATE utf8mb4_unicode_ci NOT NULL,
  `detail` text COLLATE utf8mb4_unicode_ci NOT NULL,
  `price` int(11) NOT NULL,
  `stock` int(11) NOT NULL,
  `discount` int(11) NOT NULL,
  `created_at` timestamp NULL DEFAULT NULL,
  `updated_at` timestamp NULL DEFAULT NULL
) ENGINE=InnoDB DEFAULT CHARSET=utf8mb4 COLLATE=utf8mb4_unicode_ci;

--
-- Dumping data for table `products`
--

INSERT INTO `products` (`id`, `name`, `detail`, `price`, `stock`, `discount`, `created_at`, `updated_at`) VALUES
(1, 'ea', 'Facere esse tempore sequi. Et omnis repellat rerum ut.', 891, 8, 21, '2018-12-03 09:46:10', '2018-12-03 09:46:10'),
(2, 'deleniti', 'Occaecati temporibus occaecati adipisci. Temporibus veniam ratione dolorum deleniti eum eos. Deleniti distinctio voluptatem repellat. Similique voluptatibus in nisi reprehenderit suscipit necessitatibus deleniti. Cum enim incidunt provident unde esse hic velit.', 801, 0, 21, '2018-12-03 09:46:10', '2018-12-03 09:46:10'),
(3, 'nihil', 'Nesciunt commodi in laborum dolor distinctio ullam qui. Fugit voluptatem aut aut perferendis aut occaecati hic. Architecto soluta ex sit est. Recusandae dolorem fugit nihil dolor.', 201, 1, 25, '2018-12-03 09:46:10', '2018-12-03 09:46:10'),
(4, 'illum', 'Voluptas sint magni voluptates quaerat vitae est nisi. Qui ad aut sapiente dicta aut quis. Non mollitia dolores eos ad non. Officiis ad accusantium aut itaque aut.', 943, 4, 28, '2018-12-03 09:46:10', '2018-12-03 09:46:10'),
(5, 'suscipit', 'Molestiae et ducimus non porro perferendis. Voluptas rerum asperiores tempora provident reiciendis voluptatibus. Et eum enim enim molestiae voluptas libero.', 780, 4, 13, '2018-12-03 09:46:10', '2018-12-03 09:46:10'),
(6, 'saepe', 'Quam animi repellat natus adipisci. Quia quo minima sapiente voluptates. Amet fugiat doloribus fugit magnam repellendus autem molestiae et.', 733, 4, 30, '2018-12-03 09:46:10', '2018-12-03 09:46:10'),
(7, 'aliquid', 'Sequi voluptas dolorem id provident libero optio consequuntur libero. Quia corporis est facere fugit possimus omnis et natus. Rerum dolores dicta molestiae rerum. Aperiam dolore qui sint architecto blanditiis. Deleniti beatae quia molestiae quod sit.', 380, 4, 13, '2018-12-03 09:46:10', '2018-12-03 09:46:10'),
(8, 'laborum', 'At laborum at sit illo. Impedit ea debitis placeat voluptate rem ipsam. Voluptas maxime non saepe at. Ab quaerat alias eos quaerat fugit quis.', 738, 0, 24, '2018-12-03 09:46:10', '2018-12-03 09:46:10'),
(9, 'voluptas', 'Velit voluptas dicta eaque non quasi. Necessitatibus aut officiis aliquam natus provident qui illo ex. Fuga dolorem et itaque veritatis molestiae officiis. Illo ut quasi unde.', 770, 1, 15, '2018-12-03 09:46:10', '2018-12-03 09:46:10'),
(10, 'odit', 'Qui temporibus dolorem rem reprehenderit ullam corrupti sit. Quisquam harum et ad ad non rem quisquam. Et repudiandae voluptatum fugit dolores.', 156, 9, 11, '2018-12-03 09:46:10', '2018-12-03 09:46:10'),
(11, 'enim', 'Ad cum atque dolor impedit. Veritatis sed praesentium consequuntur quaerat aut vero. Doloribus at neque iste voluptatem facere. Aspernatur molestiae earum saepe voluptatibus aut iure eos.', 663, 6, 4, '2018-12-03 09:46:10', '2018-12-03 09:46:10'),
(12, 'est', 'Nam accusantium rem corrupti doloribus ut qui eos. Reiciendis fugiat aliquid quia quam. Aperiam vitae odio officiis sint eius est. Minus itaque optio quis distinctio libero sunt.', 366, 0, 26, '2018-12-03 09:46:10', '2018-12-03 09:46:10'),
(13, 'repellat', 'Velit numquam facilis modi eveniet. Voluptatibus temporibus ducimus ipsa voluptatum. Accusantium qui aliquam sunt praesentium molestiae. Autem corporis reprehenderit soluta tenetur facilis.', 132, 1, 29, '2018-12-03 09:46:10', '2018-12-03 09:46:10'),
(14, 'non', 'Voluptates placeat aut sit earum ut occaecati. Eum modi quod qui quia quibusdam aut. Eius consequatur enim assumenda cum doloremque quae quis.', 924, 6, 5, '2018-12-03 09:46:11', '2018-12-03 09:46:11'),
(15, 'consectetur', 'Commodi ipsa sed earum dignissimos accusamus voluptates ut. Voluptas inventore eligendi est ut similique eos totam. Ex sed porro quos quis omnis. Tenetur voluptate doloribus esse vel est.', 130, 6, 30, '2018-12-03 09:46:11', '2018-12-03 09:46:11'),
(16, 'accusantium', 'Est autem ut et. Natus et rem sapiente sed. Neque aut veritatis aliquam et sint non voluptas. Ducimus iste magni nulla.', 700, 9, 17, '2018-12-03 09:46:11', '2018-12-03 09:46:11'),
(17, 'est', 'Temporibus et a qui et laborum beatae. Amet at placeat voluptatem non qui dignissimos in.', 759, 0, 30, '2018-12-03 09:46:11', '2018-12-03 09:46:11'),
(18, 'quaerat', 'Iusto consequatur voluptas exercitationem perspiciatis aut. In eum facere sed rem nihil magni. Ut aperiam voluptas reiciendis ut qui delectus et minima.', 743, 4, 11, '2018-12-03 09:46:11', '2018-12-03 09:46:11'),
(19, 'vel', 'Assumenda vel eius rem natus. Et odit quaerat illum pariatur quis.', 673, 7, 3, '2018-12-03 09:46:11', '2018-12-03 09:46:11'),
(20, 'quisquam', 'Laborum consequatur qui dolor voluptate at fuga. Aliquam illum voluptas dolor ut qui. Ut ea sed voluptas asperiores. Nam aut qui perferendis amet.', 660, 9, 16, '2018-12-03 09:46:11', '2018-12-03 09:46:11'),
(21, 'dolores', 'Architecto maxime consequatur quae laborum amet. Id ut autem aut quibusdam. Quo voluptas tenetur voluptas quis id. Veritatis sunt corrupti ullam velit.', 323, 9, 7, '2018-12-03 09:46:11', '2018-12-03 09:46:11'),
(22, 'eaque', 'Qui non dolor est mollitia architecto non dolorum. Quae vel doloribus voluptate sit amet porro. Et temporibus inventore ut voluptatem est porro. Saepe quo eius enim accusamus quia nobis aut.', 717, 1, 6, '2018-12-03 09:46:11', '2018-12-03 09:46:11'),
(23, 'deleniti', 'Aliquam saepe dignissimos soluta aut. Reprehenderit ut ullam optio vitae non sit nisi ut. Placeat ut eveniet vel ea laudantium at. Quidem similique quia et vel doloremque qui repellendus.', 253, 1, 18, '2018-12-03 09:46:11', '2018-12-03 09:46:11'),
(24, 'dolor', 'Sit enim nostrum dignissimos corrupti. Repellat dolores earum tenetur. Assumenda dolorum distinctio sit molestiae dolores. Temporibus nihil consequuntur laboriosam magnam aliquid aliquid.', 113, 0, 4, '2018-12-03 09:46:11', '2018-12-03 09:46:11'),
(25, 'repellat', 'Voluptatem aut ut consectetur enim. Ut rerum incidunt consequatur culpa voluptates animi sapiente sit. Quia minima rerum quibusdam similique.', 513, 4, 21, '2018-12-03 09:46:11', '2018-12-03 09:46:11'),
(26, 'saepe', 'Ipsum ut laboriosam qui quia amet alias ratione facere. Quas voluptates velit fugit aut.', 991, 1, 10, '2018-12-03 09:46:11', '2018-12-03 09:46:11'),
(27, 'dolor', 'Molestiae quas perferendis aspernatur. Saepe dolor aspernatur dicta eveniet omnis eos. Molestiae labore ut sapiente suscipit voluptatem.', 697, 0, 5, '2018-12-03 09:46:11', '2018-12-03 09:46:11'),
(28, 'nesciunt', 'Cupiditate eius rem dolorem quia est deserunt soluta. Blanditiis temporibus earum et iusto. Reiciendis repellendus mollitia sed aut perspiciatis placeat. Similique sed mollitia dolorum repellendus. Molestias praesentium unde est beatae aut aut.', 105, 9, 26, '2018-12-03 09:46:11', '2018-12-03 09:46:11'),
(29, 'praesentium', 'Rem ut adipisci dicta quis accusamus ipsa. Molestiae qui porro quidem qui sit corporis.', 921, 7, 9, '2018-12-03 09:46:12', '2018-12-03 09:46:12'),
(30, 'explicabo', 'Neque et voluptas ducimus consequuntur totam. Tempora labore esse ducimus architecto a consequatur ipsa amet. Similique nihil et enim.', 810, 9, 16, '2018-12-03 09:46:12', '2018-12-03 09:46:12'),
(31, 'similique', 'Dolor consectetur dolorem ullam veniam voluptatem architecto corrupti consectetur. Corrupti id explicabo exercitationem in omnis. Ipsa quo asperiores omnis veritatis corporis qui quo.', 286, 4, 19, '2018-12-03 09:46:12', '2018-12-03 09:46:12'),
(32, 'sint', 'Delectus quia illo perferendis ab ut. Consequuntur praesentium dolorem et totam veniam expedita. Nam quisquam eveniet aut eos.', 802, 5, 7, '2018-12-03 09:46:12', '2018-12-03 09:46:12'),
(33, 'dolore', 'Est cumque magnam ratione. Nisi explicabo quos accusamus cum aliquid cum nihil unde. Cupiditate est quis quos sed facere eligendi nobis. Qui atque in sequi quia id molestiae qui.', 838, 2, 9, '2018-12-03 09:46:12', '2018-12-03 09:46:12'),
(34, 'sit', 'Aut magni et temporibus labore cum. Dolorem vel velit temporibus enim quas cum vitae distinctio. Velit blanditiis voluptate laboriosam consequatur non aut possimus. Numquam quo reiciendis repudiandae nulla incidunt magnam alias.', 599, 0, 30, '2018-12-03 09:46:12', '2018-12-03 09:46:12'),
(35, 'ipsa', 'Officiis est minima nihil et excepturi sequi veniam. Voluptas magni laborum minima dolorum. Voluptatem quo veritatis dolor maiores.', 557, 6, 25, '2018-12-03 09:46:12', '2018-12-03 09:46:12'),
(36, 'temporibus', 'Quisquam aut cum quibusdam atque sunt. Dolores corrupti repellat aut quasi excepturi et.', 188, 0, 8, '2018-12-03 09:46:12', '2018-12-03 09:46:12'),
(37, 'quod', 'Modi quis et magni eos labore blanditiis quia. Itaque dolorem porro dolores blanditiis aspernatur magni impedit. Architecto accusantium quia et nemo dicta nobis excepturi eos.', 298, 1, 18, '2018-12-03 09:46:12', '2018-12-03 09:46:12'),
(38, 'et', 'Temporibus voluptates inventore est rerum rerum molestiae. Illum animi placeat sed ut. Facilis laboriosam et deserunt ea.', 346, 3, 12, '2018-12-03 09:46:12', '2018-12-03 09:46:12'),
(39, 'odit', 'Praesentium dolor magnam nemo. Et recusandae distinctio officia voluptatem inventore ut voluptate. Placeat ex placeat natus odio reprehenderit.', 101, 4, 12, '2018-12-03 09:46:12', '2018-12-03 09:46:12'),
(40, 'eveniet', 'Itaque fugiat quod dicta impedit aut eveniet dolores itaque. Aut velit ullam vel et ea facilis. Harum voluptatum blanditiis numquam repudiandae hic maiores doloribus. Unde perferendis quo est impedit.', 732, 9, 9, '2018-12-03 09:46:12', '2018-12-03 09:46:12'),
(41, 'vel', 'Dolorem accusantium est quam at cum. Perferendis inventore commodi enim quasi veniam possimus necessitatibus. Qui totam ipsa sint doloremque voluptatum.', 256, 1, 19, '2018-12-03 09:46:12', '2018-12-03 09:46:12'),
(42, 'illum', 'Totam perspiciatis quo blanditiis perferendis occaecati. Ea quo minima nostrum odit reprehenderit dolorem saepe ut. Harum voluptatem dolores quis maxime tempore quas deserunt alias.', 831, 5, 19, '2018-12-03 09:46:12', '2018-12-03 09:46:12'),
(43, 'natus', 'Sint tempora eaque sit labore sequi vel facere. Ullam voluptas facilis voluptatibus quo. Ipsum harum dicta non voluptatem. Quos excepturi veritatis necessitatibus accusamus.', 717, 9, 9, '2018-12-03 09:46:12', '2018-12-03 09:46:12'),
(44, 'voluptatem', 'In illo dignissimos quis qui possimus voluptates quae. Cupiditate enim reprehenderit molestiae quisquam placeat. Minima est possimus non earum optio dignissimos. Ullam sapiente eos rem nobis a et quo.', 898, 3, 17, '2018-12-03 09:46:13', '2018-12-03 09:46:13'),
(45, 'reiciendis', 'Maiores magnam porro facere saepe odio officia. Qui aliquid assumenda blanditiis. Aut aut vero deleniti quia aut.', 785, 1, 24, '2018-12-03 09:46:13', '2018-12-03 09:46:13'),
(46, 'omnis', 'Nostrum perferendis nisi et quaerat necessitatibus. Quo excepturi non aliquid cupiditate error deserunt. Ipsum nulla officia repellendus.', 966, 4, 6, '2018-12-03 09:46:13', '2018-12-03 09:46:13'),
(47, 'minima', 'Et impedit sapiente quia minima. Labore minus a nesciunt. Soluta expedita unde est occaecati ducimus. Veritatis dicta vel expedita.', 277, 1, 19, '2018-12-03 09:46:13', '2018-12-03 09:46:13'),
(48, 'eaque', 'Dolor consequatur et rerum pariatur quasi. Veniam exercitationem praesentium rerum maxime provident veniam. Est debitis rerum et placeat et molestias. Vitae et animi sed.', 174, 1, 16, '2018-12-03 09:46:13', '2018-12-03 09:46:13'),
(49, 'reiciendis', 'Quisquam eos sed molestias minus nam fuga praesentium. Tempore cum impedit nobis ut fuga et. Sit hic culpa omnis eveniet ut. Ipsam qui veritatis iure sint blanditiis.', 152, 5, 28, '2018-12-03 09:46:13', '2018-12-03 09:46:13'),
(50, 'illum', 'Fuga autem perspiciatis qui voluptatum est dolorem. Praesentium est nihil maiores. Itaque illum est at maxime nam non. Qui dicta dolore praesentium ut laudantium reprehenderit optio sunt.', 838, 7, 29, '2018-12-03 09:46:13', '2018-12-03 09:46:13');

-- --------------------------------------------------------

--
-- Table structure for table `reviews`
--

CREATE TABLE `reviews` (
  `id` int(10) UNSIGNED NOT NULL,
  `product_id` int(10) UNSIGNED NOT NULL,
  `customer` varchar(191) COLLATE utf8mb4_unicode_ci NOT NULL,
  `review` text COLLATE utf8mb4_unicode_ci NOT NULL,
  `star` int(11) NOT NULL,
  `created_at` timestamp NULL DEFAULT NULL,
  `updated_at` timestamp NULL DEFAULT NULL
) ENGINE=InnoDB DEFAULT CHARSET=utf8mb4 COLLATE=utf8mb4_unicode_ci;

--
-- Dumping data for table `reviews`
--

INSERT INTO `reviews` (`id`, `product_id`, `customer`, `review`, `star`, `created_at`, `updated_at`) VALUES
(1, 33, 'Norma Krajcik MD', 'Laborum totam quis aut exercitationem nostrum nam. Consectetur vero nesciunt qui enim ut. Fugiat blanditiis minus unde voluptas dicta rerum qui qui. Minus quis quo cum velit.', 3, '2018-12-03 09:46:15', '2018-12-03 09:46:15'),
(2, 33, 'Gerson Fritsch', 'Sint dolore nihil ipsa. Aut esse incidunt esse. Iste mollitia et saepe incidunt autem asperiores fugiat. Et rerum unde in et at quia veniam.', 1, '2018-12-03 09:46:15', '2018-12-03 09:46:15'),
(3, 40, 'Pablo Gislason', 'Sunt quidem voluptatem laborum et quibusdam ad fugiat. Quidem doloribus cum similique libero nobis omnis. Voluptas aliquam cum hic ullam consectetur laboriosam.', 1, '2018-12-03 09:46:16', '2018-12-03 09:46:16'),
(4, 42, 'Dr. Grant Leuschke MD', 'Sint in sequi ratione dolor fugit. Voluptates distinctio nihil est quia perferendis. Sunt necessitatibus quis rerum. Dicta vitae nobis ex possimus.', 1, '2018-12-03 09:46:16', '2018-12-03 09:46:16'),
(5, 37, 'Colten Mraz', 'Nemo qui qui dolores ullam suscipit. Aut delectus animi quia error aliquam error. Repudiandae optio quae dolorem eos mollitia omnis.', 0, '2018-12-03 09:46:16', '2018-12-03 09:46:16'),
(6, 22, 'Lavern Reinger', 'Et voluptatibus quam labore omnis. Dolores accusamus impedit aut et consequatur numquam soluta.', 3, '2018-12-03 09:46:16', '2018-12-03 09:46:16'),
(7, 1, 'Ernestine Stiedemann', 'Asperiores quia molestias molestiae. Error facilis doloremque omnis. Error ab numquam perspiciatis odit ut suscipit asperiores.', 1, '2018-12-03 09:46:16', '2018-12-03 09:46:16'),
(8, 45, 'Miss Erika Mertz Sr.', 'Perspiciatis rerum consequatur cumque beatae velit nesciunt quia. Consequatur officiis nam est a eum. Facilis voluptatibus fugit eos possimus.', 5, '2018-12-03 09:46:16', '2018-12-03 09:46:16'),
(9, 1, 'Prof. Kody Feil DDS', 'Voluptatibus non qui omnis quo. Ab beatae cupiditate delectus non ut molestiae sunt fugit. Sint natus nihil in ullam consequatur. Fugiat temporibus quidem tenetur doloribus eum. Itaque animi ex rerum.', 3, '2018-12-03 09:46:16', '2018-12-03 09:46:16'),
(10, 40, 'Mr. Ottis Towne I', 'Aut eveniet velit sed aliquam et dolore eum. Minima autem fugiat sit sed quam doloribus. Unde veritatis odit non natus.', 0, '2018-12-03 09:46:16', '2018-12-03 09:46:16'),
(11, 25, 'Shanie Tremblay', 'Adipisci explicabo fugit ut sunt fugiat excepturi quis consequatur. Praesentium ipsa et facere totam dolorum quod est et. Et rerum dolore ullam id repellendus. Sunt magni eius dolore ad. Ipsum rem rem doloribus vel placeat.', 2, '2018-12-03 09:46:16', '2018-12-03 09:46:16'),
(12, 20, 'Ms. Neoma Orn', 'Inventore id eveniet et excepturi quod autem. Cumque recusandae provident iure maxime similique et optio quis. Voluptas recusandae voluptatem velit animi qui vel. Maiores veniam non quasi quibusdam sunt rerum velit.', 5, '2018-12-03 09:46:16', '2018-12-03 09:46:16'),
(13, 25, 'Mrs. Kelsie Hoeger', 'Et ut nisi asperiores illum deleniti rerum esse. Eum repellendus omnis sed. Eligendi sit expedita natus expedita quaerat laboriosam in illum. Ullam tenetur illum cumque provident dolore molestias omnis a.', 2, '2018-12-03 09:46:16', '2018-12-03 09:46:16'),
(14, 5, 'Leann Bailey', 'Iste sint error nihil qui vel. Et nulla magni laboriosam alias sit ad voluptate. Quaerat doloremque assumenda nobis fuga. Aut quae reiciendis nihil.', 3, '2018-12-03 09:46:16', '2018-12-03 09:46:16'),
(15, 13, 'Verner Jacobson', 'Asperiores mollitia repellat voluptatem corporis vel dicta consectetur. Quos dolores ut voluptate labore.', 3, '2018-12-03 09:46:16', '2018-12-03 09:46:16'),
(16, 38, 'Adriana Prohaska V', 'Iure officiis quo itaque cumque atque eveniet. Sed quo quis eos aliquam repellat. Illo rem alias dolorem consequatur voluptas et asperiores.', 5, '2018-12-03 09:46:16', '2018-12-03 09:46:16'),
(17, 42, 'Kelly Emard', 'Labore sit rerum fuga ea. Ducimus soluta voluptate aut a sint iure. Et error veritatis asperiores fuga rerum autem.', 2, '2018-12-03 09:46:16', '2018-12-03 09:46:16'),
(18, 42, 'Americo Ryan', 'Eius accusantium quo repellat. Delectus accusamus vel quod sed. Non doloribus beatae sint recusandae nulla et. Est accusamus reiciendis veniam voluptates labore et et. Vero totam delectus ullam et.', 0, '2018-12-03 09:46:16', '2018-12-03 09:46:16'),
(19, 15, 'Myron Olson', 'Rem quis modi quisquam assumenda non. Quia suscipit a exercitationem inventore aspernatur. Et magnam inventore quas maiores. Nihil cupiditate illo qui provident.', 5, '2018-12-03 09:46:17', '2018-12-03 09:46:17'),
(20, 40, 'Mr. Cletus Kuhlman V', 'Quia officiis atque eum impedit cumque qui similique. Sit iste aut rerum qui. Qui consequatur magni velit vero iusto.', 2, '2018-12-03 09:46:17', '2018-12-03 09:46:17'),
(21, 20, 'Lelia Nader', 'Quod dolor ut consequatur est. Et totam ea id officia est. Quis iusto recusandae et nam quibusdam reiciendis autem. Minus et rerum voluptatibus adipisci.', 5, '2018-12-03 09:46:17', '2018-12-03 09:46:17'),
(22, 44, 'Leonel Maggio', 'Deserunt dolorem libero iste neque repellendus reiciendis maxime. Eius dolor voluptatem sapiente ipsa. Maiores autem reiciendis nisi sequi ex. Qui voluptas maiores delectus iure.', 2, '2018-12-03 09:46:17', '2018-12-03 09:46:17'),
(23, 8, 'Modesta Hauck DDS', 'Libero est inventore optio aspernatur nemo saepe. Dolor voluptas vitae et et repellat excepturi. Et est vel quia dolore. Inventore soluta maxime iste.', 0, '2018-12-03 09:46:17', '2018-12-03 09:46:17'),
(24, 50, 'Jarvis Ullrich', 'Delectus ut eum harum dolorem ab impedit eius dignissimos. Laborum ipsa esse ea provident. Provident quasi et tenetur et assumenda rem.', 4, '2018-12-03 09:46:17', '2018-12-03 09:46:17'),
(25, 25, 'Loy Purdy', 'Quo aut eum id non minus. Numquam magni aperiam consequatur dolor qui voluptatem corrupti qui. Aut ad temporibus animi perferendis excepturi quod.', 2, '2018-12-03 09:46:17', '2018-12-03 09:46:17'),
(26, 47, 'Betty Feil DDS', 'Cum ipsa voluptatum molestias debitis laborum aut. Molestiae rerum eum rerum vel debitis voluptatum. Quae aut velit consequatur. Id voluptas et inventore voluptatum quis.', 0, '2018-12-03 09:46:17', '2018-12-03 09:46:17'),
(27, 21, 'Braeden Boehm', 'Non optio cumque neque necessitatibus ut commodi. Rerum eligendi hic accusamus ratione rem. Non eos est repellendus nihil enim.', 2, '2018-12-03 09:46:17', '2018-12-03 09:46:17'),
(28, 33, 'Laurence Muller', 'Voluptates corporis laborum velit aperiam. Nesciunt qui consectetur dolorem beatae ut. Dolorum sed aperiam ut consectetur aut odit voluptas.', 0, '2018-12-03 09:46:17', '2018-12-03 09:46:17'),
(29, 46, 'Linda Wyman', 'Eius sed fuga expedita. Vel dolor necessitatibus aut. Fugit est sequi repellat ipsam officiis dolorem. Vel consequatur voluptatem enim quam. Quis autem qui quas eaque ullam omnis aut.', 0, '2018-12-03 09:46:17', '2018-12-03 09:46:17'),
(30, 19, 'Alexandria O\'Hara', 'Rerum assumenda porro doloremque distinctio est. Et voluptatem repellendus repudiandae eveniet. Excepturi aliquid perspiciatis doloremque molestias.', 2, '2018-12-03 09:46:17', '2018-12-03 09:46:17'),
(31, 23, 'Nayeli Bruen', 'Eos eaque suscipit accusantium at magnam. Laudantium velit incidunt nesciunt doloremque est nihil. Dolorum inventore voluptate reprehenderit repellendus consectetur minus est. A nam consequatur error perspiciatis ipsam qui iste minima.', 4, '2018-12-03 09:46:17', '2018-12-03 09:46:17'),
(32, 18, 'Jordan Kris', 'Nemo nulla quae adipisci in id quia eligendi rerum. Perferendis voluptatem qui deserunt quisquam molestias. Fugiat rerum sed quam qui non est quisquam.', 0, '2018-12-03 09:46:17', '2018-12-03 09:46:17'),
(33, 42, 'Lori Stokes', 'Pariatur sint omnis rerum culpa. Minima nihil ipsum ut laboriosam. Corrupti esse reprehenderit suscipit maiores asperiores rerum. Quo veniam et et doloribus.', 3, '2018-12-03 09:46:17', '2018-12-03 09:46:17'),
(34, 40, 'Ms. Nova Hills III', 'Est autem sed iure ut vitae occaecati dicta praesentium. Qui suscipit excepturi quasi dolorem. Vel neque eum incidunt nemo et sunt dolores.', 5, '2018-12-03 09:46:18', '2018-12-03 09:46:18'),
(35, 45, 'Mr. Robb Vandervort', 'Perferendis numquam ut id vel. Est ut maxime molestias nobis quis eligendi. Cupiditate eum autem error sequi.', 0, '2018-12-03 09:46:18', '2018-12-03 09:46:18'),
(36, 45, 'Everardo Hermann', 'Facere culpa eveniet maxime cum. Vero ipsam aut expedita non dicta quod accusamus. Voluptatum quis maiores sit. Aut omnis fuga magni esse architecto. Doloremque culpa aut voluptatem.', 3, '2018-12-03 09:46:18', '2018-12-03 09:46:18'),
(37, 50, 'Josh Dach', 'Dolor consequatur est quasi autem. Architecto non reprehenderit qui aut ea eum cupiditate. Tempora eos voluptas vero numquam provident officiis autem ut.', 3, '2018-12-03 09:46:18', '2018-12-03 09:46:18'),
(38, 48, 'Clay Welch', 'Saepe illum voluptates fuga quos hic incidunt eos. Optio error sit iusto qui accusamus dignissimos. Deserunt eius alias rerum. Exercitationem qui earum consectetur magnam.', 3, '2018-12-03 09:46:18', '2018-12-03 09:46:18'),
(39, 43, 'Robin Friesen', 'Veniam voluptatem et recusandae ut reiciendis. Aut enim et quia sint voluptas. Sequi ea similique ad omnis corporis est.', 3, '2018-12-03 09:46:18', '2018-12-03 09:46:18'),
(40, 8, 'Prof. Ruben Leannon', 'Non cum dicta molestias hic tempore laboriosam ea. Qui ab est harum sunt dolores qui expedita ducimus. Porro veritatis eveniet non vitae.', 4, '2018-12-03 09:46:18', '2018-12-03 09:46:18'),
(41, 14, 'Raphaelle Daniel', 'Culpa mollitia eum accusamus omnis nemo ratione. Soluta illum voluptates qui consequatur pariatur culpa autem expedita. Rem eveniet vel est labore illum.', 0, '2018-12-03 09:46:18', '2018-12-03 09:46:18'),
(42, 4, 'Bertha Rogahn', 'In quam necessitatibus officia corrupti laudantium quia cupiditate. Culpa quidem sint dolores rem quod nihil. Aliquid odio esse accusamus. Consequatur ut doloribus consectetur provident dolorem.', 4, '2018-12-03 09:46:18', '2018-12-03 09:46:18'),
(43, 19, 'Jacinthe Feeney', 'Minima impedit aperiam quas sed quia sed voluptatem. Iste sint quod quis magni illum eos ut. Vel rem sapiente aliquid vitae laboriosam voluptas. Quibusdam repellendus et est ea qui est.', 4, '2018-12-03 09:46:18', '2018-12-03 09:46:18'),
(44, 37, 'Jany Kertzmann', 'Ut dignissimos eveniet minus ut neque. Ea veritatis ut cum accusantium rerum est quia. Aut fugit ut dolorem recusandae.', 4, '2018-12-03 09:46:18', '2018-12-03 09:46:18'),
(45, 38, 'Leland Rodriguez', 'Tempore nulla repellendus commodi odio reiciendis et voluptatum. Cumque inventore quis pariatur laboriosam eveniet reprehenderit porro. Quo quam sint est omnis nobis.', 5, '2018-12-03 09:46:18', '2018-12-03 09:46:18'),
(46, 4, 'Dr. Boyd Treutel Jr.', 'Et nemo aut architecto harum molestiae et. Sit numquam voluptas sit sint nobis quisquam quos. Ea maxime architecto molestiae modi veritatis reprehenderit doloribus.', 2, '2018-12-03 09:46:18', '2018-12-03 09:46:18'),
(47, 17, 'Garrick Stark', 'Quibusdam maiores commodi sit. Error voluptates quam rerum. Ut hic saepe aliquam et eum nemo omnis non.', 4, '2018-12-03 09:46:18', '2018-12-03 09:46:18'),
(48, 4, 'Prof. Adolfo Shields Sr.', 'Quisquam et fugit similique distinctio illo et atque. Et nostrum quaerat id labore. Qui veritatis aspernatur itaque quo et.', 3, '2018-12-03 09:46:18', '2018-12-03 09:46:18'),
(49, 19, 'Hardy Oberbrunner', 'Sint et totam expedita quibusdam. Quisquam pariatur recusandae quis est at. Accusamus mollitia magnam occaecati labore quo beatae.', 2, '2018-12-03 09:46:18', '2018-12-03 09:46:18'),
(50, 32, 'Mr. Erin Konopelski', 'Accusantium hic molestiae temporibus quia repudiandae. Cumque quod voluptatem vel quia libero. Nisi iure architecto recusandae quam magni laudantium.', 0, '2018-12-03 09:46:19', '2018-12-03 09:46:19'),
(51, 7, 'Mrs. Beth Feeney', 'Nihil aperiam dolores non consectetur et nostrum aut. Aut vel blanditiis placeat asperiores. Temporibus hic sunt fuga pariatur sapiente. Qui ipsum modi quia eum animi facere.', 1, '2018-12-03 09:46:19', '2018-12-03 09:46:19'),
(52, 14, 'Raheem Gusikowski', 'Qui molestiae et ut. Optio veniam illum nihil quia quo dolores sequi. Autem provident quia eos aut quia quia. Beatae quia hic esse quaerat atque magnam et dolorum.', 0, '2018-12-03 09:46:19', '2018-12-03 09:46:19'),
(53, 25, 'Tyrique Fisher', 'Id nulla ut sed. Fugit rerum cumque natus ducimus consequatur fugiat. Exercitationem aut soluta excepturi ut rerum. Aut laboriosam fuga voluptatem facere ut provident.', 5, '2018-12-03 09:46:19', '2018-12-03 09:46:19'),
(54, 7, 'Demarcus Hartmann Sr.', 'Saepe quis atque adipisci nihil repudiandae. Officiis aut est quas laudantium velit ut. Officiis doloremque dolor et totam.', 2, '2018-12-03 09:46:19', '2018-12-03 09:46:19'),
(55, 28, 'Dr. Erin Barton V', 'Laborum est unde rerum ullam sit tenetur in. Et deserunt expedita est odio. Dolore autem modi culpa et quibusdam tempora.', 4, '2018-12-03 09:46:19', '2018-12-03 09:46:19'),
(56, 6, 'Lorine Bauch', 'Quis iste nihil officia perspiciatis magni labore consectetur. Dicta quasi ut recusandae eveniet. Perspiciatis voluptatem ut magnam libero.', 1, '2018-12-03 09:46:19', '2018-12-03 09:46:19'),
(57, 8, 'Lenny Douglas', 'Id earum commodi sed quia quos est. Reprehenderit inventore et eos voluptatum deserunt. Cupiditate et suscipit dolor ut dolor.', 5, '2018-12-03 09:46:19', '2018-12-03 09:46:19'),
(58, 6, 'Mr. Devyn VonRueden II', 'Minima ut dolor est ad numquam commodi molestias. Veritatis expedita illo autem libero molestias. Aut nesciunt voluptatem quod sunt. Eum vel ut odit laudantium id nisi incidunt.', 5, '2018-12-03 09:46:19', '2018-12-03 09:46:19'),
(59, 14, 'Irving Bauch PhD', 'Dolorem nihil sint ex vel officia sequi aperiam. Quia aspernatur rerum cum harum suscipit iure. Fuga odio perferendis omnis dolores inventore et rerum.', 3, '2018-12-03 09:46:19', '2018-12-03 09:46:19'),
(60, 48, 'Jackie Lockman', 'Tenetur amet voluptatem enim qui. Ex veniam commodi temporibus amet dolor quia recusandae. Natus voluptates id minima. Et sunt unde porro soluta et officiis accusantium.', 3, '2018-12-03 09:46:19', '2018-12-03 09:46:19'),
(61, 37, 'Kathryne Barrows III', 'Omnis ipsum nulla vel aperiam totam. Sed repellendus velit est in error labore. Blanditiis dolorem ea sit sunt quo. Ratione optio vero fugiat et quo. Et sunt non cum ut fuga eos.', 0, '2018-12-03 09:46:19', '2018-12-03 09:46:19'),
(62, 46, 'Brain Renner Jr.', 'Magni aut exercitationem et beatae tempora beatae ut. Odit praesentium eveniet quibusdam tempora. Eveniet consequuntur autem enim provident in. Dolore esse facere dolorem totam.', 5, '2018-12-03 09:46:19', '2018-12-03 09:46:19'),
(63, 40, 'Cory Lynch DVM', 'Minima dolorem corrupti animi vel. Ab inventore modi repellat sequi ea nostrum enim. Voluptas modi mollitia libero molestiae quod sunt tempore.', 1, '2018-12-03 09:46:19', '2018-12-03 09:46:19'),
(64, 47, 'Ms. Elsie Flatley Jr.', 'Corrupti est ratione facilis explicabo quia cum. Quia sapiente reprehenderit quia odio cupiditate. Enim sint qui magnam quia rerum aut autem. Inventore molestiae quas veniam ab quasi dolor est.', 4, '2018-12-03 09:46:19', '2018-12-03 09:46:19'),
(65, 15, 'Dr. Elouise Prohaska', 'Non voluptas ea alias ad fugiat unde. In molestiae in praesentium. Provident aliquid enim natus aut sint dicta est.', 4, '2018-12-03 09:46:19', '2018-12-03 09:46:19'),
(66, 38, 'Eusebio VonRueden', 'Et at eum ipsa molestiae sed. Amet sit adipisci quos voluptatem blanditiis enim.', 5, '2018-12-03 09:46:19', '2018-12-03 09:46:19'),
(67, 33, 'Randy Haag', 'Et dolorem dolor qui dolorum nesciunt. Sequi sed repellat perferendis consequatur aperiam et. Cupiditate numquam ut consectetur et et dicta sit.', 5, '2018-12-03 09:46:20', '2018-12-03 09:46:20'),
(68, 48, 'Judge Rolfson III', 'Ab cumque inventore est ea. Ut vel a laudantium et. Autem nesciunt occaecati accusamus sed. Aut natus eum saepe nihil non.', 5, '2018-12-03 09:46:20', '2018-12-03 09:46:20'),
(69, 22, 'Valentina Tromp', 'Sit adipisci repudiandae ipsa rerum. Culpa qui illum non quae nesciunt omnis rerum.', 4, '2018-12-03 09:46:20', '2018-12-03 09:46:20'),
(70, 45, 'Jerrold Hammes I', 'Quasi ex nemo doloribus impedit consequatur. Aut et molestiae eos et tempore consectetur. Voluptatem ex enim reiciendis porro placeat minus. Perferendis temporibus qui dolorem qui accusamus.', 4, '2018-12-03 09:46:20', '2018-12-03 09:46:20'),
(71, 30, 'Allie Pouros', 'Mollitia et ipsam vero quis sed. Non minus et omnis eos. Soluta voluptatem aut nemo rerum odio quia.', 5, '2018-12-03 09:46:20', '2018-12-03 09:46:20'),
(72, 5, 'Avery Rogahn', 'Id repellendus nam voluptatem officia. Molestiae officiis sequi voluptas occaecati qui quisquam ipsa. Ipsa et sed pariatur error mollitia recusandae at. Eos eum consequatur error dolores dolores.', 5, '2018-12-03 09:46:20', '2018-12-03 09:46:20'),
(73, 49, 'Berta Terry', 'Rem recusandae ab ad quibusdam similique fugiat distinctio. Sed occaecati id laborum reiciendis molestiae eveniet placeat. Odit id dolorem sint quas quis deleniti.', 2, '2018-12-03 09:46:20', '2018-12-03 09:46:20'),
(74, 40, 'Cornell Lynch', 'Quo beatae aliquam aliquid eum qui. Adipisci quia blanditiis voluptates. Praesentium aut impedit dignissimos facere.', 3, '2018-12-03 09:46:20', '2018-12-03 09:46:20'),
(75, 44, 'Dr. Uriel Stanton DVM', 'Et dolore sed placeat. Ipsam atque in et. Dolor autem quis velit necessitatibus aliquid dolore. Sit nisi qui officiis odio ipsam.', 2, '2018-12-03 09:46:20', '2018-12-03 09:46:20'),
(76, 44, 'Prof. Liam Jakubowski', 'Officia distinctio sint consequatur ab. Consectetur quas rem consequatur consectetur mollitia est quas. Est vero rerum quia. Rerum totam expedita et ut deleniti quis.', 0, '2018-12-03 09:46:20', '2018-12-03 09:46:20'),
(77, 27, 'Malika Hayes', 'Omnis similique ducimus sapiente excepturi facere. Cupiditate voluptatum eaque vitae sunt. Maiores porro ut quia quos.', 4, '2018-12-03 09:46:20', '2018-12-03 09:46:20'),
(78, 34, 'Dallin O\'Reilly', 'Sed dolor quia sed qui quas. Deserunt dolor ratione ullam qui nam est.', 4, '2018-12-03 09:46:20', '2018-12-03 09:46:20'),
(79, 32, 'Trystan Lesch', 'Ex occaecati ut excepturi sint officia qui nulla. Veritatis sequi nemo tempore voluptas voluptatum sunt rerum vitae. Facilis modi dolorem sit ullam provident. Fuga aliquam quidem qui sunt.', 1, '2018-12-03 09:46:20', '2018-12-03 09:46:20'),
(80, 29, 'Lily Fisher', 'Ut est nulla est. Ex voluptas dolore odit nobis officia illum cum. Doloremque corrupti qui modi ipsa culpa. Quisquam nesciunt eligendi voluptatem omnis aperiam error.', 2, '2018-12-03 09:46:20', '2018-12-03 09:46:20'),
(81, 11, 'Emely Hudson', 'Unde vitae saepe quasi sint. Facilis quis consequuntur magnam soluta eos est. Laboriosam porro sint magnam non. Dolorem totam sit consequatur velit. Et voluptatibus nihil consequatur aliquam.', 4, '2018-12-03 09:46:20', '2018-12-03 09:46:20'),
(82, 25, 'Lamar Hilpert DDS', 'Eos rem animi voluptas repudiandae rerum facilis nihil voluptatem. Autem et maxime voluptas nulla distinctio mollitia ratione. Culpa ab perspiciatis doloremque id et voluptate velit.', 5, '2018-12-03 09:46:21', '2018-12-03 09:46:21'),
(83, 28, 'Lily Hettinger Jr.', 'Quo ut blanditiis in eius. Praesentium ratione laborum illo eius blanditiis blanditiis. Aut id adipisci temporibus rerum voluptas voluptatem. Doloribus tempore rem voluptatem ullam et ea velit voluptate.', 3, '2018-12-03 09:46:21', '2018-12-03 09:46:21'),
(84, 17, 'Haven Schumm', 'Itaque placeat iusto deserunt tempora minima consequatur. Veritatis vel autem ab officia necessitatibus minus eum. Excepturi molestias eum ducimus enim ut nisi. Sunt eum est omnis voluptas qui commodi unde.', 0, '2018-12-03 09:46:21', '2018-12-03 09:46:21'),
(85, 42, 'Mozelle Nikolaus', 'Soluta quo sit eos et velit omnis. Soluta amet et sed laboriosam non incidunt. Veritatis nulla dolore et rerum voluptas reprehenderit. Numquam sit dolores vel et et atque odio.', 2, '2018-12-03 09:46:21', '2018-12-03 09:46:21'),
(86, 14, 'Prof. Lonny Larson I', 'Tenetur voluptatibus aut inventore officia nihil saepe ea. Quia fugiat sapiente nisi magni.', 5, '2018-12-03 09:46:21', '2018-12-03 09:46:21'),
(87, 43, 'Curtis Bradtke PhD', 'Iure consequuntur sint eveniet illum alias molestiae nesciunt. Iusto ad quis vel enim. Minus sed quia enim minima quas sed.', 1, '2018-12-03 09:46:21', '2018-12-03 09:46:21'),
(88, 7, 'Prof. Meta Conroy', 'Voluptatum autem consequatur numquam deserunt. Vero labore ratione nisi nobis quia eos. Sequi maiores itaque optio.', 1, '2018-12-03 09:46:21', '2018-12-03 09:46:21'),
(89, 11, 'Jewell Boehm', 'Veniam est error distinctio et qui. Quo qui non nihil accusamus excepturi tenetur nulla. Eos sequi voluptatibus est ut. Excepturi voluptatem excepturi et ut iure.', 4, '2018-12-03 09:46:21', '2018-12-03 09:46:21'),
(90, 13, 'Prof. Winfield Harris', 'Nihil error molestias magnam est deserunt. Dolorum sit ut repudiandae beatae non beatae. Consequatur voluptatem eum quasi temporibus cupiditate sit cum. Consectetur excepturi error sequi hic occaecati.', 2, '2018-12-03 09:46:21', '2018-12-03 09:46:21'),
(91, 49, 'Mona Grady', 'Et blanditiis sed voluptas non praesentium vel provident. Fugiat omnis sit nobis accusantium sapiente tempore. Voluptatem animi eveniet deleniti et qui. Veritatis voluptatem quaerat quia vero. Praesentium quis facilis sint doloremque mollitia quos.', 5, '2018-12-03 09:46:21', '2018-12-03 09:46:21'),
(92, 46, 'Nelson Cruickshank', 'Velit aut id suscipit nesciunt. Et aut et eum expedita qui unde. Facere error error ut nihil accusamus. Similique laudantium perspiciatis alias sint et.', 5, '2018-12-03 09:46:21', '2018-12-03 09:46:21'),
(93, 1, 'Marcelino Corwin', 'A quisquam vel hic eos. Quasi nisi quia non veritatis voluptatem et molestiae.', 4, '2018-12-03 09:46:21', '2018-12-03 09:46:21'),
(94, 22, 'Ava Lemke', 'Quam quas et animi. Est nesciunt illo reprehenderit pariatur odit odit et. Molestias itaque tenetur nemo officia et fuga vitae. Veritatis eveniet esse numquam.', 5, '2018-12-03 09:46:21', '2018-12-03 09:46:21'),
(95, 4, 'Miss Rebecca Runte Sr.', 'Quia autem et mollitia veritatis est sed. Dignissimos accusamus esse dignissimos dolorem at. Enim nemo architecto aut esse sint rem. Ut aut voluptas odio.', 5, '2018-12-03 09:46:21', '2018-12-03 09:46:21'),
(96, 3, 'Breanne Trantow', 'Id quasi dicta alias perferendis. Officiis dolores dolorum velit excepturi voluptate nihil quia tempora. Rem et aut sequi laudantium qui aliquam. Dolores non cupiditate eligendi est at eos nihil cumque.', 3, '2018-12-03 09:46:21', '2018-12-03 09:46:21'),
(97, 12, 'Emmalee Eichmann I', 'Enim illum sed atque pariatur ut. Odit inventore quis blanditiis harum aperiam hic aut. Veniam ut ad aut deleniti.', 4, '2018-12-03 09:46:22', '2018-12-03 09:46:22'),
(98, 17, 'Fern Crist', 'Veniam aut harum et voluptatem provident ut distinctio expedita. Sunt sit sunt est est atque molestiae alias. Incidunt vero minus earum. Eaque quia voluptatem pariatur repellendus quis qui culpa sit.', 4, '2018-12-03 09:46:22', '2018-12-03 09:46:22'),
(99, 2, 'Jerrod Cruickshank', 'Aliquam et delectus esse nesciunt magnam. Eos dolor earum tempore. Quo facere perferendis soluta voluptatem reiciendis nisi blanditiis nesciunt.', 4, '2018-12-03 09:46:22', '2018-12-03 09:46:22'),
(100, 34, 'Prof. Mazie Hills', 'Aliquid rem nisi perspiciatis est numquam qui vitae. Aperiam voluptas quia odit voluptatibus repudiandae corrupti.', 2, '2018-12-03 09:46:22', '2018-12-03 09:46:22'),
(101, 43, 'Declan Romaguera', 'Deserunt in similique sint. Est veniam praesentium sunt aut. Maxime distinctio aperiam ipsam sit maiores fugit.', 0, '2018-12-03 09:46:22', '2018-12-03 09:46:22'),
(102, 28, 'Shannon Gutmann', 'Consequatur placeat dolore fuga dolorem consequatur minima aspernatur sapiente. Sed quibusdam qui provident aliquam. Ut quis tempore sit dolorem error.', 1, '2018-12-03 09:46:22', '2018-12-03 09:46:22'),
(103, 25, 'Isabelle Moen III', 'Tenetur consequatur optio aut velit aut. Consequatur qui distinctio sequi mollitia. Sequi beatae fuga numquam. Culpa cum et possimus voluptates qui. Enim libero cumque velit.', 2, '2018-12-03 09:46:22', '2018-12-03 09:46:22'),
(104, 12, 'Alivia Wunsch', 'Voluptatibus quod ea laudantium ipsum error. Velit voluptatem architecto qui rerum rem. Aut ad illo illo nisi.', 3, '2018-12-03 09:46:22', '2018-12-03 09:46:22'),
(105, 42, 'Liliane Klocko IV', 'Sed aut mollitia similique qui iste dolore libero. Dolores enim accusantium aut inventore deserunt asperiores. Sint velit vel consequatur velit voluptas dolores.', 1, '2018-12-03 09:46:22', '2018-12-03 09:46:22'),
(106, 40, 'Brigitte Hamill', 'Aut sunt dicta amet a deleniti et. Et sint hic facilis rerum. Sint exercitationem ratione minus voluptatum nostrum id.', 1, '2018-12-03 09:46:22', '2018-12-03 09:46:22'),
(107, 47, 'Dr. Hector Kassulke', 'Modi quia aut quo omnis. Deleniti quo similique cumque id quia. Magnam iusto tempora ut consequatur rerum officiis.', 3, '2018-12-03 09:46:22', '2018-12-03 09:46:22'),
(108, 12, 'Audra Sanford DDS', 'In est illo rerum enim. Ratione rerum laborum quia asperiores nam. Et numquam autem mollitia distinctio soluta reprehenderit inventore. Aspernatur blanditiis ad dolor fugit quisquam.', 5, '2018-12-03 09:46:22', '2018-12-03 09:46:22'),
(109, 48, 'Mr. Jaquan Corwin', 'Repellat autem nobis mollitia qui quo. Tenetur reiciendis quod velit ut. Sint et nostrum aut sit vel qui totam. Ab ut quia nihil fuga reiciendis rerum.', 0, '2018-12-03 09:46:22', '2018-12-03 09:46:22'),
(110, 18, 'Mr. Gabriel Moore', 'Soluta ex est quia adipisci. Nemo sunt accusamus totam. Maiores hic tempora dolor sint.', 2, '2018-12-03 09:46:22', '2018-12-03 09:46:22'),
(111, 47, 'Scotty Cartwright', 'Sunt quasi impedit ullam. Est doloremque suscipit accusamus maxime. In nihil quam aut.', 1, '2018-12-03 09:46:22', '2018-12-03 09:46:22'),
(112, 24, 'Hilbert Conroy Sr.', 'Temporibus et blanditiis aut perferendis facilis reprehenderit ut. Velit provident error aliquid aut dicta. Aut vero autem eum fugiat cum eos quo.', 3, '2018-12-03 09:46:23', '2018-12-03 09:46:23'),
(113, 37, 'Dr. Alvina McClure', 'Voluptatem iure quia optio. Aut aliquam et inventore neque est. Dolor repellat impedit eaque distinctio voluptatem doloribus aut. Dolor molestiae voluptatem consequatur consequatur voluptatem in.', 4, '2018-12-03 09:46:23', '2018-12-03 09:46:23'),
(114, 20, 'Mr. Archibald Green', 'Reprehenderit temporibus qui aut dignissimos velit. Reiciendis placeat et sit ab ex ab consectetur eos.', 3, '2018-12-03 09:46:23', '2018-12-03 09:46:23'),
(115, 36, 'Taya Hyatt', 'Nihil a laudantium qui mollitia vel dolor eligendi. Error libero rerum officiis. Labore optio voluptas aut fugiat vel ut quasi. Vel qui esse iste.', 2, '2018-12-03 09:46:23', '2018-12-03 09:46:23'),
(116, 29, 'Mrs. Una Jacobs', 'Tempore voluptas nostrum iure consequuntur magni. Consequatur nisi labore quia veniam consequatur iure blanditiis sed. Quae vel eum voluptate non mollitia perferendis.', 2, '2018-12-03 09:46:23', '2018-12-03 09:46:23'),
(117, 27, 'Jarrell Gleichner', 'Sit sint omnis aut qui. Corporis praesentium voluptatem nulla velit velit voluptatem voluptates. Rerum eum dolores consequatur et.', 0, '2018-12-03 09:46:23', '2018-12-03 09:46:23'),
(118, 36, 'Prof. Oran Schuster', 'Mollitia qui corporis nisi ex rerum debitis molestias. Amet excepturi maiores minima beatae blanditiis similique amet.', 3, '2018-12-03 09:46:23', '2018-12-03 09:46:23'),
(119, 4, 'Miss Lacy Pfannerstill', 'Qui repellendus minima accusamus. Unde sit ipsa magni necessitatibus. Ut est commodi sit autem consequatur sed itaque.', 2, '2018-12-03 09:46:23', '2018-12-03 09:46:23'),
(120, 1, 'Garland Hansen', 'Et tempore deserunt et praesentium qui. Ipsum perspiciatis ipsum quis facere quis eum corporis. Omnis perspiciatis necessitatibus rerum et illo.', 0, '2018-12-03 09:46:23', '2018-12-03 09:46:23'),
(121, 37, 'Alphonso Balistreri Jr.', 'Aut magni at natus cupiditate. Nemo voluptate aut eligendi reprehenderit iste repellendus. Mollitia consequatur voluptatum laborum libero odio est.', 1, '2018-12-03 09:46:23', '2018-12-03 09:46:23'),
(122, 33, 'Evangeline Quitzon Jr.', 'Non repudiandae dicta et et consequuntur id. Et possimus incidunt officia excepturi beatae dolores ea beatae. Sit ipsum at assumenda quia. Aperiam dolore sapiente nam.', 3, '2018-12-03 09:46:23', '2018-12-03 09:46:23'),
(123, 36, 'Jared Considine', 'Itaque hic veritatis ullam. Rem quo in sequi quia adipisci reprehenderit ratione. Exercitationem quos eum at ut quo molestiae accusantium. Ea sunt nihil omnis tempore rerum.', 4, '2018-12-03 09:46:23', '2018-12-03 09:46:23'),
(124, 11, 'Shirley Schmidt', 'Facilis eligendi nisi natus ea quas. Ipsum ut atque dignissimos commodi ut voluptatibus qui. Ipsum ipsam doloremque voluptates. Ea repellat nostrum rem sit laudantium est.', 1, '2018-12-03 09:46:23', '2018-12-03 09:46:23'),
(125, 20, 'Allan Rutherford', 'Amet quibusdam asperiores id perferendis consequatur. Voluptatum cupiditate labore quisquam ducimus alias quia ut. Dolor iste velit dolorem vel. Aliquid exercitationem modi consequatur voluptatum blanditiis dolor.', 2, '2018-12-03 09:46:23', '2018-12-03 09:46:23'),
(126, 32, 'Jeanette Walter', 'Cumque sit voluptas accusantium sit quia dicta illum. Molestiae voluptatem consectetur quasi quas et laboriosam odit. Iste architecto itaque nostrum. Fugiat dolorem sit unde tenetur consequatur.', 0, '2018-12-03 09:46:23', '2018-12-03 09:46:23'),
(127, 33, 'Viva Marks', 'Est dicta natus cum officiis dolores ex corrupti. Tempore quia eum est molestiae voluptatem et quasi autem. Quae minima tenetur sunt amet rerum.', 0, '2018-12-03 09:46:24', '2018-12-03 09:46:24'),
(128, 37, 'Mr. Percival Bode', 'Atque modi error deleniti nobis. Omnis qui rerum iure numquam neque. Ea sit vel vero voluptas occaecati numquam commodi et.', 1, '2018-12-03 09:46:24', '2018-12-03 09:46:24'),
(129, 36, 'Miss Maudie Littel IV', 'Dolorem non est velit natus nisi ex. Qui quod rerum rem doloribus maiores deserunt omnis. Quisquam distinctio rem incidunt.', 4, '2018-12-03 09:46:24', '2018-12-03 09:46:24'),
(130, 45, 'Harley Lang', 'Deleniti ea qui rerum beatae. Voluptatem inventore commodi et esse id. Dolor dicta et dolorem.', 3, '2018-12-03 09:46:24', '2018-12-03 09:46:24'),
(131, 37, 'Loren Jenkins', 'Facere unde saepe sunt maxime odio ipsum. Soluta praesentium et et ut.', 0, '2018-12-03 09:46:24', '2018-12-03 09:46:24'),
(132, 18, 'Prof. Donny Lubowitz', 'Ad minima mollitia eius rerum placeat. Culpa laborum sint explicabo harum accusamus pariatur natus. Non voluptatibus eius qui aut officia.', 1, '2018-12-03 09:46:24', '2018-12-03 09:46:24'),
(133, 23, 'Bennett Wyman MD', 'Eaque mollitia corrupti amet repudiandae. Molestiae amet mollitia voluptas voluptatibus qui. Est impedit tenetur est deleniti voluptatum animi ipsum.', 3, '2018-12-03 09:46:24', '2018-12-03 09:46:24'),
(134, 13, 'Mr. Gilbert Reichel Sr.', 'Assumenda quisquam quia vero eos dolores sed. Pariatur ut omnis porro repellendus. Eligendi dignissimos fuga optio cumque qui.', 1, '2018-12-03 09:46:24', '2018-12-03 09:46:24'),
(135, 31, 'Elyse Greenholt', 'Nisi rerum culpa quibusdam ex sunt veniam consectetur. Rerum architecto qui et illum voluptatem. Dolor natus qui aut labore.', 1, '2018-12-03 09:46:24', '2018-12-03 09:46:24'),
(136, 15, 'Thea Huels II', 'Eum eos numquam repudiandae aut et nulla. Incidunt repellat et molestiae repudiandae dolorum tenetur ipsum.', 5, '2018-12-03 09:46:24', '2018-12-03 09:46:24'),
(137, 17, 'Tyshawn Vandervort', 'Iste minima et nisi nisi. Quis modi vero exercitationem aut consequatur. Placeat ducimus non ducimus est ab quos aliquam.', 0, '2018-12-03 09:46:24', '2018-12-03 09:46:24'),
(138, 1, 'Ms. Nellie Krajcik III', 'Nostrum doloremque eum necessitatibus placeat enim dolor tempora. Quae unde reprehenderit aspernatur laudantium accusantium rerum et. Animi necessitatibus qui aspernatur. Omnis debitis et error omnis qui quisquam. Ipsam qui delectus voluptatem et ut.', 3, '2018-12-03 09:46:24', '2018-12-03 09:46:24'),
(139, 50, 'Ms. Lenore Monahan', 'Optio maxime odio facere dolores unde quidem. Molestiae repudiandae asperiores dolorem est. Nostrum ut enim officiis quo voluptatem pariatur hic sed. Voluptas consectetur recusandae excepturi molestiae dicta.', 1, '2018-12-03 09:46:24', '2018-12-03 09:46:24'),
(140, 15, 'Dr. Frederick Schmitt', 'Eligendi rerum minus atque consequatur. Voluptas ea aspernatur qui ut repellat nam. Delectus voluptatum nostrum et natus.', 0, '2018-12-03 09:46:24', '2018-12-03 09:46:24'),
(141, 42, 'Christa Zboncak', 'Earum magni quisquam aut aut sunt porro eos at. Reiciendis accusantium consequatur mollitia numquam quas. Dolore ab hic ex et rem. Rerum ut est dicta ut quas perspiciatis inventore velit.', 0, '2018-12-03 09:46:24', '2018-12-03 09:46:24'),
(142, 16, 'Jesse Waters', 'Tempora quia laborum vel accusantium ut. Qui sequi tenetur omnis et ipsum.', 2, '2018-12-03 09:46:24', '2018-12-03 09:46:24'),
(143, 28, 'Gus Deckow', 'Eos autem pariatur dolor commodi non. Quisquam repudiandae placeat sint ipsum. Omnis atque autem doloribus in. Dolore ut ea architecto aut.', 5, '2018-12-03 09:46:24', '2018-12-03 09:46:24'),
(144, 13, 'Bernadine Wolff IV', 'Sapiente impedit et recusandae cum voluptates ducimus. Et vero ipsam iure voluptate dolorem.', 4, '2018-12-03 09:46:25', '2018-12-03 09:46:25'),
(145, 28, 'Alden Kiehn MD', 'Laborum impedit voluptatem molestiae non labore necessitatibus. Voluptatem corrupti aut aspernatur tenetur corporis dolorum. Sed qui excepturi a sed. Veritatis quos labore explicabo ut illum. Aliquid et hic ut.', 4, '2018-12-03 09:46:25', '2018-12-03 09:46:25'),
(146, 27, 'Dr. Mohamed Durgan DVM', 'Laboriosam voluptatum ut molestiae suscipit adipisci. Iusto dignissimos maiores et adipisci delectus ut eveniet.', 0, '2018-12-03 09:46:25', '2018-12-03 09:46:25'),
(147, 31, 'Salvador Osinski Jr.', 'Ipsa officiis asperiores sunt aut. Ducimus qui explicabo omnis quia possimus qui dolor. Qui necessitatibus nulla sit dolorum ab.', 2, '2018-12-03 09:46:25', '2018-12-03 09:46:25'),
(148, 39, 'Westley Lind', 'Tempore excepturi voluptatum eius. Architecto sunt facere placeat corporis ullam corrupti dolor et. Est et quis totam nihil quod non.', 2, '2018-12-03 09:46:25', '2018-12-03 09:46:25'),
(149, 45, 'Yvonne Vandervort', 'Animi quasi ut qui aut. Quo inventore dolore ut. Ab error error iste maxime. Dolore maxime ratione dolorum cupiditate vero quia.', 4, '2018-12-03 09:46:25', '2018-12-03 09:46:25'),
(150, 29, 'Dr. Don Kuphal', 'A et enim velit qui ipsa ut quis. Sit sequi sit et doloremque qui officiis odio. Illo earum expedita est saepe.', 0, '2018-12-03 09:46:25', '2018-12-03 09:46:25'),
(151, 2, 'Kaley Klein', 'Dolor aut voluptatem fugiat ea sed excepturi minima. Eos qui illum id et voluptas. Vero totam occaecati illo dolor autem. Velit facere consequuntur id voluptas asperiores.', 0, '2018-12-03 09:46:25', '2018-12-03 09:46:25'),
(152, 28, 'Houston Willms', 'Autem rerum ab aut quos qui aut. Iure velit consequuntur ratione libero. Esse vel minima dolorum sunt.', 0, '2018-12-03 09:46:25', '2018-12-03 09:46:25'),
(153, 28, 'Orland Gerlach', 'Eligendi exercitationem rem voluptas dolores. Harum sit ab consequatur ipsam nihil laborum sint. Nemo esse corporis ullam eveniet suscipit rem aut. Explicabo distinctio ullam nam quis explicabo.', 2, '2018-12-03 09:46:25', '2018-12-03 09:46:25'),
(154, 42, 'Pietro King Sr.', 'Pariatur nihil ratione commodi quo et qui hic quia. Ut velit non aliquam eum cum repudiandae reiciendis.', 5, '2018-12-03 09:46:25', '2018-12-03 09:46:25'),
(155, 28, 'Mr. Mose Durgan', 'Modi laudantium cumque quis cumque illo aperiam. Aut voluptatem ea rerum repellendus illo eos aut. Quis odio molestiae possimus est in non minus neque.', 0, '2018-12-03 09:46:25', '2018-12-03 09:46:25'),
(156, 19, 'Brendon Zieme', 'Suscipit mollitia nam dicta sequi. Occaecati nobis delectus ut dolor qui ipsa delectus. Aut magni sapiente sed nostrum doloremque voluptates sit. Repellendus quia qui officiis iure.', 5, '2018-12-03 09:46:25', '2018-12-03 09:46:25'),
(157, 44, 'Damon Howe', 'Est sunt voluptatibus veniam omnis voluptate. Quos dolores voluptatem autem dolor qui. Magnam possimus laudantium tempora ducimus asperiores. Totam enim rerum iure sed. Et est quia nesciunt libero et dicta.', 1, '2018-12-03 09:46:25', '2018-12-03 09:46:25'),
(158, 18, 'Miss Teresa McLaughlin PhD', 'Deserunt nostrum sint et omnis maxime inventore totam beatae. Id autem natus dignissimos fugit est. Temporibus ducimus eos cupiditate aperiam veritatis est esse. Et animi unde et qui qui. Sit mollitia asperiores molestiae rerum dolor quam consequatur rerum.', 1, '2018-12-03 09:46:25', '2018-12-03 09:46:25'),
(159, 46, 'Ms. Sabryna Mayer', 'Eum omnis maiores voluptate assumenda beatae nostrum. Sequi ad eum magnam ex est est qui. Maxime eum repellendus sit reiciendis. Beatae sed culpa est dolores et.', 1, '2018-12-03 09:46:25', '2018-12-03 09:46:25'),
(160, 1, 'Dashawn Harvey PhD', 'Ducimus sequi sit repellat tempore et velit. Cumque aliquid ipsam explicabo tempore perspiciatis. Praesentium voluptas est et veniam ipsum rerum dolorem.', 3, '2018-12-03 09:46:26', '2018-12-03 09:46:26'),
(161, 9, 'Mckenzie Buckridge', 'Aut quibusdam harum beatae voluptatum omnis labore. Est aut et ullam veritatis eos quod. Ea quo sint ut eum.', 5, '2018-12-03 09:46:26', '2018-12-03 09:46:26'),
(162, 7, 'Aidan Erdman', 'Ea voluptates aspernatur voluptatem magnam. Ducimus et exercitationem voluptatum ducimus blanditiis qui. Facilis quis quia quia earum sed et velit architecto. Voluptas quis et est non minus. Soluta aliquid quae explicabo veritatis inventore.', 0, '2018-12-03 09:46:26', '2018-12-03 09:46:26'),
(163, 11, 'Marcella Daugherty', 'Non dicta et cupiditate ea odio. Aliquid adipisci sapiente enim aperiam sapiente deleniti expedita at. Eos dolorem voluptates assumenda culpa distinctio labore facilis fuga.', 4, '2018-12-03 09:46:26', '2018-12-03 09:46:26'),
(164, 28, 'Devonte Reinger', 'Qui sapiente doloribus autem amet quis quae dignissimos quia. Sunt eligendi maxime voluptas aut dolorem quaerat beatae ratione. Nihil rerum sit aut quis odio ex. Dignissimos iure at ut omnis aperiam labore incidunt. Fugiat voluptates ut fugiat ea.', 5, '2018-12-03 09:46:26', '2018-12-03 09:46:26'),
(165, 22, 'Lucie Heaney DVM', 'Qui alias voluptate aliquid voluptatum quis earum ut. Expedita ipsa repellat non et. Dolor laudantium tenetur sequi ad nam voluptatem.', 0, '2018-12-03 09:46:26', '2018-12-03 09:46:26'),
(166, 2, 'Glenna Macejkovic', 'Corrupti dolor est dolorem maxime natus. Voluptatem fugiat quod repellendus quisquam. Alias qui magnam assumenda omnis mollitia consectetur.', 3, '2018-12-03 09:46:26', '2018-12-03 09:46:26'),
(167, 33, 'Jacky Hill', 'Magni minus voluptatum ut error ullam. Molestiae soluta quo ut in dolorem id expedita. Et qui facere dolorem velit qui eaque nisi.', 2, '2018-12-03 09:46:26', '2018-12-03 09:46:26'),
(168, 16, 'Rosina Kreiger', 'Ab ducimus ut enim eum illum quis explicabo. Sint harum ab maxime eveniet quis officia. Dolores voluptatem quisquam totam voluptas.', 4, '2018-12-03 09:46:26', '2018-12-03 09:46:26'),
(169, 1, 'Jayne Stanton', 'Assumenda et facere ratione et qui. Commodi praesentium deleniti id perferendis dolor. Soluta sed asperiores et ipsam sit. Occaecati vitae qui atque unde ipsam qui.', 5, '2018-12-03 09:46:26', '2018-12-03 09:46:26'),
(170, 44, 'Matilde Gutkowski', 'Ut reiciendis nesciunt rerum libero. Qui et amet unde dolorem corrupti ut. Sunt ea provident autem illum quasi dolorem ea voluptatibus. Ipsum dolores qui cumque molestias natus hic.', 5, '2018-12-03 09:46:26', '2018-12-03 09:46:26'),
(171, 42, 'Baron Ziemann', 'Vel ipsam et facilis est esse. Rem sunt quam omnis facilis recusandae et ipsum. Quaerat ea qui expedita molestias saepe.', 5, '2018-12-03 09:46:26', '2018-12-03 09:46:26'),
(172, 41, 'Miss Jermaine Labadie', 'Laboriosam culpa omnis est tempora commodi. Repellat iure occaecati vero. Labore occaecati facere voluptatem sequi itaque vel nobis nihil. Provident quo soluta quis ut sint hic excepturi.', 2, '2018-12-03 09:46:27', '2018-12-03 09:46:27'),
(173, 41, 'Dr. Katarina Rau MD', 'Odit quisquam aut exercitationem dolorum quo quis ullam illo. Nesciunt esse ullam molestiae tempora non fugiat. Voluptatibus sit quia totam.', 2, '2018-12-03 09:46:27', '2018-12-03 09:46:27'),
(174, 19, 'Joseph Schneider', 'Expedita eveniet incidunt consequatur. Delectus aut quidem dolore et totam aut ea. Aliquid laudantium alias aut aut odit nulla.', 0, '2018-12-03 09:46:27', '2018-12-03 09:46:27'),
(175, 46, 'Billie Halvorson', 'Aliquid ut sit provident temporibus odit. Molestias doloremque libero veniam neque sequi.', 3, '2018-12-03 09:46:27', '2018-12-03 09:46:27'),
(176, 19, 'Santina Gerlach', 'Unde porro quis sed ea esse et. Cupiditate autem eaque ea aut corrupti odit voluptatum omnis. Voluptatem nihil nesciunt facere voluptatibus sint nam suscipit. Sunt corporis tempore id.', 3, '2018-12-03 09:46:27', '2018-12-03 09:46:27'),
(177, 3, 'Edwina Lindgren I', 'Ipsa quia labore at sunt et. Est ut eum cupiditate dolor nobis debitis. Laudantium deleniti corporis dolorem velit cupiditate nostrum pariatur praesentium. Ea quo quae quia qui vitae vero exercitationem voluptates.', 5, '2018-12-03 09:46:27', '2018-12-03 09:46:27'),
(178, 24, 'Karina Hauck', 'Illum fugit reprehenderit nostrum tempore ea maxime. Exercitationem recusandae labore dolorem in. Maiores nemo est fuga tenetur exercitationem veniam. Ut explicabo ea sed a. Mollitia eveniet quo consequatur est rerum enim.', 4, '2018-12-03 09:46:27', '2018-12-03 09:46:27'),
(179, 42, 'Darrion Brekke', 'Necessitatibus totam ut sint dolores modi libero aut vitae. Sint numquam velit exercitationem quia. Nisi est quidem veniam maiores beatae dolorem adipisci. Accusantium quia neque praesentium reprehenderit.', 0, '2018-12-03 09:46:27', '2018-12-03 09:46:27'),
(180, 38, 'Mr. Grayson Wilkinson', 'Et rerum eum veniam molestias nulla. Quibusdam a accusamus tempore voluptatum impedit est necessitatibus. Eaque aperiam sit excepturi ut et.', 4, '2018-12-03 09:46:27', '2018-12-03 09:46:27'),
(181, 1, 'Lenna Legros', 'Et id velit reiciendis. Fuga debitis ipsum consectetur et saepe incidunt. Molestias quae corporis provident quis sequi. Magni deserunt eos est aut dicta aut.', 2, '2018-12-03 09:46:27', '2018-12-03 09:46:27'),
(182, 18, 'Chet Schmeler', 'Quia porro sint maiores quisquam dolores dolore et quam. Quia ut perferendis porro ad doloribus quae. Voluptatem commodi magnam culpa eos laborum.', 5, '2018-12-03 09:46:27', '2018-12-03 09:46:27'),
(183, 5, 'Athena Kirlin', 'Atque autem qui maxime. Inventore illum iusto ipsum. Cupiditate ullam quo voluptas quam accusamus qui. Quia architecto quod officia assumenda incidunt qui cupiditate. Harum et dolorem sed vel.', 3, '2018-12-03 09:46:27', '2018-12-03 09:46:27'),
(184, 48, 'Elsie Herman', 'Id maxime perspiciatis aspernatur omnis nostrum. Accusantium qui perferendis ipsam temporibus veniam. Quasi similique laudantium ratione sapiente facere et debitis. Nam voluptatem quo dolorum consequatur et possimus consequatur et.', 3, '2018-12-03 09:46:27', '2018-12-03 09:46:27'),
(185, 6, 'Kirsten Aufderhar IV', 'Sed inventore nisi sit necessitatibus. Adipisci perferendis temporibus quia et.', 1, '2018-12-03 09:46:27', '2018-12-03 09:46:27'),
(186, 16, 'Nick Mosciski I', 'Qui magni molestias architecto quia. Repellat cupiditate reprehenderit quod magnam. Et ullam eum eius non et.', 5, '2018-12-03 09:46:28', '2018-12-03 09:46:28'),
(187, 6, 'Kristoffer Kiehn', 'Dignissimos quaerat et voluptatibus qui ipsum sint velit. Ut praesentium ratione eaque dolores optio doloribus. Odit perspiciatis qui exercitationem doloremque voluptatem.', 5, '2018-12-03 09:46:28', '2018-12-03 09:46:28'),
(188, 10, 'Ida Lehner', 'Qui non dicta cupiditate vero. Assumenda sunt similique sit sed ipsa iste. Quia laudantium cumque reprehenderit totam eum.', 4, '2018-12-03 09:46:28', '2018-12-03 09:46:28'),
(189, 50, 'Ms. Ana Baumbach', 'Sunt rerum quod explicabo nisi non. Ipsam qui tempora non rerum ab distinctio accusantium suscipit. Voluptatem nostrum ipsa ut non ex unde aut. Dolore qui reiciendis repellendus impedit. Et vel quam illum.', 5, '2018-12-03 09:46:28', '2018-12-03 09:46:28'),
(190, 41, 'Florencio Sanford', 'Aliquam dolorem fugit dolor laboriosam aliquam beatae voluptate. Corrupti aliquid et neque et minima. Assumenda ullam voluptatem suscipit iure voluptas est sed. Autem praesentium distinctio magni facere quibusdam doloribus sint.', 3, '2018-12-03 09:46:28', '2018-12-03 09:46:28'),
(191, 9, 'Lucile Daugherty III', 'Molestiae voluptas nemo voluptatem repudiandae autem eum quae. Exercitationem fugiat minus minima eum. Animi nemo sunt molestias ea ut. Velit optio quo fugiat.', 0, '2018-12-03 09:46:28', '2018-12-03 09:46:28'),
(192, 35, 'Magnus Koelpin DVM', 'Aliquid fuga consequatur doloremque quia sequi ipsa. Sed aut esse eum ad deleniti.', 0, '2018-12-03 09:46:28', '2018-12-03 09:46:28'),
(193, 13, 'Prof. Aiyana Veum I', 'Et exercitationem quas libero sequi doloribus aut. Et et ut necessitatibus et quos rerum. Consequatur id ullam aut ea itaque cupiditate enim explicabo.', 4, '2018-12-03 09:46:28', '2018-12-03 09:46:28'),
(194, 35, 'Cassie Legros', 'Est aut facilis id vitae. Et esse officia aliquid sunt est qui temporibus aliquid. Sapiente fugit eos error est.', 2, '2018-12-03 09:46:28', '2018-12-03 09:46:28'),
(195, 25, 'Miss Maryam Rau', 'Harum tenetur atque repellendus recusandae reprehenderit deleniti. Amet eveniet qui id similique dolorem non. Sed asperiores enim quam corporis facere labore. Molestias voluptas iure quam est cupiditate.', 5, '2018-12-03 09:46:28', '2018-12-03 09:46:28'),
(196, 40, 'Mr. Hermann Sipes', 'Voluptatibus eveniet officiis ut modi. Aut ducimus iusto et excepturi iure. Doloribus dolore at porro iste at id et.', 1, '2018-12-03 09:46:28', '2018-12-03 09:46:28'),
(197, 19, 'Rosalyn Von V', 'Ullam ea vitae molestiae ratione aspernatur ex. Sequi magni tempora aspernatur id nemo odit. Iusto ut voluptate quis voluptatem quia.', 1, '2018-12-03 09:46:28', '2018-12-03 09:46:28'),
(198, 11, 'Ms. Chelsea Skiles', 'Eum ad et sed quisquam voluptatem. Provident nisi exercitationem quasi. Consectetur aut aut totam soluta. Odit sed corporis numquam ut quos fugiat itaque officia.', 4, '2018-12-03 09:46:28', '2018-12-03 09:46:28'),
(199, 50, 'Adriana Wunsch', 'Dolores ut dolorem optio et et cum non. Iure voluptatem modi aliquam qui officiis et nisi. Omnis aperiam consequatur velit officia.', 0, '2018-12-03 09:46:28', '2018-12-03 09:46:28'),
(200, 31, 'Alex Corwin', 'Odit at delectus est sed et quis. Et laborum repellendus qui aut temporibus architecto quo. Velit aliquid et id eum ullam.', 4, '2018-12-03 09:46:28', '2018-12-03 09:46:28'),
(201, 8, 'Ocie Gorczany', 'Nemo aperiam veritatis consequatur iusto iste non magnam. Unde reprehenderit quia et quia voluptatibus a quidem. Voluptatem voluptas cum incidunt quod iste placeat quae. Reprehenderit odio alias consequatur optio autem.', 5, '2018-12-03 09:46:28', '2018-12-03 09:46:28'),
(202, 31, 'Elza Conroy', 'Sint excepturi rerum non est. Rerum aut eum quod nobis aut. Qui necessitatibus labore provident optio voluptatem provident facilis. Ex dolorem facilis adipisci ab aliquid eum accusamus.', 5, '2018-12-03 09:46:28', '2018-12-03 09:46:28'),
(203, 29, 'Mr. Ambrose Brakus DVM', 'Quia vero rerum harum occaecati est autem odit. Aut non laudantium ut itaque voluptatibus amet. Dignissimos quos omnis necessitatibus laborum cum molestiae. Dolorem aliquid eos cumque.', 3, '2018-12-03 09:46:29', '2018-12-03 09:46:29'),
(204, 22, 'Tyree Block', 'Similique odio eos nemo accusamus est. Quisquam possimus dolores illo doloribus impedit nemo laborum. Dolorem distinctio possimus commodi nisi.', 5, '2018-12-03 09:46:29', '2018-12-03 09:46:29'),
(205, 42, 'Ms. Natalie Dietrich', 'Molestias ut in error quis. Nam architecto at et dolorem. Rerum necessitatibus officiis quae. Consequuntur numquam natus libero beatae hic iure asperiores.', 2, '2018-12-03 09:46:29', '2018-12-03 09:46:29'),
(206, 44, 'Colt Larkin', 'Asperiores nemo non rerum inventore eos optio et. Quo possimus qui vel sunt.', 1, '2018-12-03 09:46:29', '2018-12-03 09:46:29'),
(207, 9, 'Dr. Judah DuBuque', 'Voluptatem aperiam ea voluptatem quia et. Magnam quam et quo aliquam sunt voluptas. Aut qui debitis magnam et.', 1, '2018-12-03 09:46:29', '2018-12-03 09:46:29'),
(208, 50, 'Bernice Bode', 'Consectetur et eos autem autem commodi deserunt numquam officia. Esse animi iusto sint debitis nihil ratione animi sed. Praesentium minus voluptatibus sint ut.', 2, '2018-12-03 09:46:29', '2018-12-03 09:46:29'),
(209, 27, 'Mrs. Katrine Raynor II', 'Molestiae sed magni reprehenderit. Et blanditiis id sed aut ut non. Rem aspernatur velit dicta earum consequuntur tempore.', 5, '2018-12-03 09:46:29', '2018-12-03 09:46:29'),
(210, 47, 'Stanford Schaefer', 'Modi ut similique illo iusto. Nihil quod possimus qui perferendis iste. Qui error repellat ut.', 1, '2018-12-03 09:46:29', '2018-12-03 09:46:29'),
(211, 50, 'Abraham Glover', 'Veritatis a impedit est repellendus praesentium et laborum. Ad ratione voluptatem voluptate. Reprehenderit consequatur quaerat ullam est placeat suscipit.', 2, '2018-12-03 09:46:29', '2018-12-03 09:46:29'),
(212, 49, 'Darby Rosenbaum', 'Et accusamus aut et vel et expedita. Nihil sunt aut dolorem quos. Amet repellat maiores est aut. Nihil quis totam eum ut perferendis eos.', 1, '2018-12-03 09:46:29', '2018-12-03 09:46:29'),
(213, 35, 'Mr. Jordyn Howell Sr.', 'Possimus ut explicabo cum sit. Consequatur aut perspiciatis ex eius labore consequuntur qui consequatur.', 3, '2018-12-03 09:46:29', '2018-12-03 09:46:29'),
(214, 18, 'Alexis Stroman', 'Quos qui voluptatem eos similique ipsa magni ex. Amet aspernatur aspernatur dolores quibusdam ut cum quod ut. Ad inventore esse commodi est consectetur. Consequatur odit aut minima ea eaque qui. Doloribus sed officiis rerum quidem doloribus.', 4, '2018-12-03 09:46:29', '2018-12-03 09:46:29'),
(215, 39, 'Magnus Bashirian', 'Consectetur non similique iure ratione. Quia aut similique error cupiditate provident voluptatibus et facere. Sit aut quo delectus ut dolor.', 1, '2018-12-03 09:46:29', '2018-12-03 09:46:29');
INSERT INTO `reviews` (`id`, `product_id`, `customer`, `review`, `star`, `created_at`, `updated_at`) VALUES
(216, 1, 'Mrs. Stephanie Kihn PhD', 'Repellendus eius quas est sit deserunt itaque. Est ipsum voluptate veritatis voluptates quasi. Officia nostrum alias voluptatum quia autem.', 5, '2018-12-03 09:46:29', '2018-12-03 09:46:29'),
(217, 24, 'Prof. Darby Mills DVM', 'Porro culpa nihil qui rerum. Vero eum vel dolor qui ea est vero. Reprehenderit ut eligendi sapiente culpa ut facere.', 1, '2018-12-03 09:46:30', '2018-12-03 09:46:30'),
(218, 46, 'Betsy Weissnat II', 'Amet qui quia quia illum. Omnis sit quis laboriosam commodi beatae cumque. Voluptatem sed et facere aut. Quae cum aut illo quia dolore voluptatem.', 2, '2018-12-03 09:46:30', '2018-12-03 09:46:30'),
(219, 35, 'Prof. Malachi Runolfsdottir MD', 'Delectus voluptas reiciendis optio quos. Ea in suscipit dolores ipsum labore qui. Fugiat id ullam voluptatibus.', 2, '2018-12-03 09:46:30', '2018-12-03 09:46:30'),
(220, 16, 'Aurelie Yundt', 'Repudiandae vel sint est aliquid minima. Iusto assumenda amet recusandae est maxime fuga. Eos placeat incidunt fuga consequuntur et.', 5, '2018-12-03 09:46:30', '2018-12-03 09:46:30'),
(221, 8, 'Clovis Weimann II', 'Asperiores officia sit possimus ea quam ut tempore. Omnis non tempore explicabo provident quo quos fuga. Voluptas aspernatur molestiae et minima. Pariatur voluptates deleniti hic ratione voluptatum qui. Repudiandae voluptatem non explicabo et quam ea quam iste.', 1, '2018-12-03 09:46:30', '2018-12-03 09:46:30'),
(222, 1, 'Alexis Heidenreich', 'Officia quasi hic maiores placeat ab. Commodi fugit at omnis quia sit. Quae dolorem voluptatibus et voluptatem explicabo.', 4, '2018-12-03 09:46:30', '2018-12-03 09:46:30'),
(223, 35, 'Cleo Wiegand', 'Perspiciatis qui minima quaerat. Quasi rerum voluptas culpa. Expedita voluptatem sit neque vero velit.', 3, '2018-12-03 09:46:30', '2018-12-03 09:46:30'),
(224, 26, 'Mr. Jasen Kris', 'Iure quos nesciunt enim sed. Error aut enim ut numquam rerum officia optio. Magni est officia debitis nihil.', 0, '2018-12-03 09:46:30', '2018-12-03 09:46:30'),
(225, 21, 'Halle Larson', 'Corporis et aut recusandae voluptate qui odit. Consectetur quaerat ipsa nobis dolor labore tenetur et porro.', 3, '2018-12-03 09:46:30', '2018-12-03 09:46:30'),
(226, 19, 'Jaclyn Schmitt', 'Qui quod est qui possimus. Voluptates illum et voluptatem corporis quasi et quos commodi. Adipisci officiis nemo quibusdam quod a eligendi. Cupiditate saepe nesciunt nesciunt.', 1, '2018-12-03 09:46:30', '2018-12-03 09:46:30'),
(227, 17, 'Dereck Cartwright', 'A aut enim iste vel suscipit labore. Soluta esse quos deleniti omnis accusamus dolores nam. Dolores quia ex enim velit. Dolores consequatur nobis magnam optio. Quia et vero asperiores et.', 3, '2018-12-03 09:46:30', '2018-12-03 09:46:30'),
(228, 44, 'Prof. Jerad Kirlin', 'Amet esse itaque quos esse sint ea eos. In consequatur soluta eos laudantium accusamus voluptas eum. Iure beatae dolor occaecati aut dolores veritatis.', 0, '2018-12-03 09:46:30', '2018-12-03 09:46:30'),
(229, 21, 'Dayton Lakin', 'Iste optio aut blanditiis ratione aut incidunt repellendus. Esse laudantium molestiae est cumque eum et. Magnam vero corporis maiores facere recusandae. Dicta suscipit velit eaque doloribus.', 1, '2018-12-03 09:46:30', '2018-12-03 09:46:30'),
(230, 27, 'Ms. Jazmin Waelchi Sr.', 'Dolores eius explicabo sit repellendus et nisi vero velit. Ea eos blanditiis iusto suscipit vero. Sint ut molestiae deserunt et rerum culpa.', 3, '2018-12-03 09:46:30', '2018-12-03 09:46:30'),
(231, 12, 'Nico Schmidt', 'Iste rerum repudiandae enim enim. Officia asperiores laboriosam aut mollitia. Laudantium error debitis totam consequuntur. Expedita eveniet dolores hic eveniet tempora.', 3, '2018-12-03 09:46:30', '2018-12-03 09:46:30'),
(232, 2, 'Mr. Cletus Yost PhD', 'Aut enim ipsum doloremque tempora. Animi ut quam quia qui maxime aut rem. Nihil voluptatum vero sit consectetur quo quo. Cum est quos eum sunt ut fuga sequi.', 1, '2018-12-03 09:46:30', '2018-12-03 09:46:30'),
(233, 42, 'Darrick Cassin', 'Rerum id ipsam in ad consequuntur. Distinctio odit necessitatibus alias non. Sunt tempora debitis in et dolore aliquid. Maxime nulla nesciunt ea autem.', 3, '2018-12-03 09:46:30', '2018-12-03 09:46:30'),
(234, 38, 'Zander Armstrong', 'Fugit neque quod et aut. Est sit eos aut itaque et cupiditate reiciendis ut. Fugiat corporis ipsa corporis autem recusandae.', 1, '2018-12-03 09:46:31', '2018-12-03 09:46:31'),
(235, 30, 'Norbert Kub', 'Deserunt atque molestiae alias debitis qui perspiciatis. Qui quo quaerat qui voluptatem. Doloribus accusantium nesciunt ut eos omnis consequatur molestias impedit. Quia eius vero quia sed numquam.', 5, '2018-12-03 09:46:31', '2018-12-03 09:46:31'),
(236, 34, 'Broderick Ryan III', 'Expedita dolor tempore non autem nulla iste et suscipit. Hic repellat esse qui corrupti. Atque sequi dolor molestias qui occaecati eum aliquid. Assumenda architecto aut similique reprehenderit ducimus explicabo.', 0, '2018-12-03 09:46:31', '2018-12-03 09:46:31'),
(237, 4, 'Riley McClure', 'Asperiores iure vel rerum. Esse velit assumenda nihil adipisci praesentium dicta totam neque. Distinctio necessitatibus ipsam vel voluptatum cum iusto. Aut voluptatem possimus et mollitia.', 4, '2018-12-03 09:46:31', '2018-12-03 09:46:31'),
(238, 37, 'Mr. Donald Mohr', 'Quo vitae numquam est laudantium. Laborum dicta qui repellat aut ut quas. Est quibusdam non omnis nihil.', 1, '2018-12-03 09:46:31', '2018-12-03 09:46:31'),
(239, 11, 'Webster Bernhard', 'Est fuga amet ea est est rerum eum. Et sequi ipsam possimus numquam et sed possimus. Qui maxime officiis aut sit.', 4, '2018-12-03 09:46:31', '2018-12-03 09:46:31'),
(240, 15, 'Mr. Jordan Leuschke IV', 'In culpa veniam non perspiciatis aut. Rerum quia natus sunt sed a magnam. Earum ut ea ad quo in veniam.', 0, '2018-12-03 09:46:31', '2018-12-03 09:46:31'),
(241, 20, 'Madonna Cremin', 'Sunt ut voluptatem deserunt ut. Sit repellat quo iure nostrum quibusdam architecto fugiat dolor. Sunt cumque enim dolores vitae odit dolores eum. Non ipsa nam laborum. Sunt praesentium qui voluptate aut est consequuntur neque.', 5, '2018-12-03 09:46:31', '2018-12-03 09:46:31'),
(242, 3, 'Jonathan Schroeder', 'Labore pariatur veritatis natus architecto. Sequi nihil quasi nesciunt ea qui eligendi. Ea rem earum neque sint sit. Eaque qui blanditiis sint optio nobis sit non. Itaque totam sint fugiat soluta suscipit.', 3, '2018-12-03 09:46:31', '2018-12-03 09:46:31'),
(243, 46, 'Mariam Harris', 'Voluptatibus dolor aut aliquid hic delectus porro. Harum deserunt recusandae aspernatur sed. Odit eum recusandae porro voluptatem.', 5, '2018-12-03 09:46:31', '2018-12-03 09:46:31'),
(244, 36, 'Prof. Hans Morissette Sr.', 'Similique aut est reiciendis minima rem corrupti maiores. Nulla quo eum dolor. Suscipit repellendus asperiores debitis id dolor et sequi.', 5, '2018-12-03 09:46:31', '2018-12-03 09:46:31'),
(245, 3, 'Antwan Zulauf', 'Maxime vero commodi vel totam dolor eligendi. Voluptas quia dolorum ducimus rem repudiandae excepturi. Illum esse est ad eligendi beatae sequi.', 5, '2018-12-03 09:46:31', '2018-12-03 09:46:31'),
(246, 15, 'Efrain Pouros', 'Vero qui impedit laudantium quibusdam eaque non. Harum atque aut sit. Voluptatem voluptatem est maiores totam. Nihil et adipisci quod qui. Ut voluptatem nobis nemo distinctio qui nihil vel.', 2, '2018-12-03 09:46:31', '2018-12-03 09:46:31'),
(247, 45, 'Leann Towne', 'Omnis veritatis dolor reprehenderit porro totam voluptatum a inventore. Qui in quis quis sit.', 0, '2018-12-03 09:46:31', '2018-12-03 09:46:31'),
(248, 35, 'Mrs. Blanca Anderson', 'Nisi est consequatur ipsam et odit. Qui iusto ipsum animi omnis voluptate modi. Et adipisci tempore ea et.', 2, '2018-12-03 09:46:31', '2018-12-03 09:46:31'),
(249, 28, 'Emmy Considine', 'Cum ipsum eaque impedit reiciendis maiores expedita. Et est similique autem nemo. Rerum voluptatem porro necessitatibus maxime. Error quia rem in aperiam sint molestiae.', 4, '2018-12-03 09:46:31', '2018-12-03 09:46:31'),
(250, 43, 'Tremaine Hermiston', 'Non et minus dignissimos deserunt. Sunt fugit illum perferendis reiciendis nostrum. Et qui distinctio accusamus impedit.', 0, '2018-12-03 09:46:32', '2018-12-03 09:46:32'),
(251, 37, 'Dr. Leonard Carroll', 'Dolor vero non doloremque nemo consequatur aut. Sequi natus occaecati nobis reiciendis. Harum inventore repudiandae placeat. Nihil quod a molestiae.', 5, '2018-12-03 09:46:32', '2018-12-03 09:46:32'),
(252, 5, 'Neha Berge', 'Ut recusandae et et quis nisi. Voluptatem voluptas fugiat itaque est repudiandae asperiores velit ut. Ipsam id pariatur magni quia quia ut aperiam.', 3, '2018-12-03 09:46:32', '2018-12-03 09:46:32'),
(253, 8, 'Mustafa Simonis', 'Alias ut sit velit harum aut eaque. Et ipsum consequatur hic deleniti. Voluptatem rerum porro quas necessitatibus molestias omnis voluptatem placeat. Beatae quasi ratione sunt illo eum enim impedit.', 2, '2018-12-03 09:46:32', '2018-12-03 09:46:32'),
(254, 28, 'Prof. Jennie Morissette', 'Nihil necessitatibus sed velit non. Consequuntur iusto autem voluptatem saepe. Est sed minus sint facere. Distinctio et sapiente earum occaecati atque est repellendus rerum.', 5, '2018-12-03 09:46:32', '2018-12-03 09:46:32'),
(255, 30, 'Sandrine Grimes', 'Dolorum enim illo sint maxime qui. In non et minima exercitationem. Non quos id omnis sint enim et sequi. Perferendis corrupti aspernatur accusamus sequi sint laborum.', 2, '2018-12-03 09:46:32', '2018-12-03 09:46:32'),
(256, 30, 'Mrs. Beulah Conroy DDS', 'Enim doloremque ab tempore pariatur totam. Officia nisi modi rerum. Quaerat qui voluptas perferendis veniam eum aspernatur natus. Illo quia at fuga amet quod saepe.', 5, '2018-12-03 09:46:32', '2018-12-03 09:46:32'),
(257, 44, 'Lavinia Rogahn MD', 'In dignissimos nobis optio id hic autem fugiat. Ab qui eos necessitatibus alias ex autem. Libero sit ipsa omnis aut a.', 4, '2018-12-03 09:46:32', '2018-12-03 09:46:32'),
(258, 13, 'Miss Janet Bartell III', 'Quaerat ut qui quam praesentium et adipisci rerum. Soluta consequatur iusto dolorem est occaecati. Ut dolores dolores sunt rem veritatis assumenda qui.', 1, '2018-12-03 09:46:32', '2018-12-03 09:46:32'),
(259, 24, 'Alda Jaskolski', 'Aut sapiente enim omnis quia. Delectus qui architecto est corrupti alias enim aut. Quasi quas nisi ullam dolorem qui sapiente sed. Est architecto harum voluptates omnis. At iusto qui consectetur nihil quas eaque sapiente.', 3, '2018-12-03 09:46:32', '2018-12-03 09:46:32'),
(260, 23, 'Luisa Schamberger Jr.', 'Enim autem nihil nam est voluptatem reiciendis sit. Provident sunt exercitationem qui numquam repellat.', 3, '2018-12-03 09:46:32', '2018-12-03 09:46:32'),
(261, 1, 'Dr. Moshe Walsh PhD', 'Rerum earum porro iusto eius nesciunt facere dolore ipsa. Quae quia quas ipsa modi itaque. Nisi tenetur corrupti quo amet laborum exercitationem voluptatem nostrum. Quod a et repellat aliquam.', 4, '2018-12-03 09:46:32', '2018-12-03 09:46:32'),
(262, 29, 'Mrs. Mallie Hegmann', 'Numquam ad voluptas ratione eaque ut sint. Rerum dolor illo blanditiis minima nisi itaque nihil. Ut non earum quod architecto. Sed itaque autem amet tempore et qui id.', 0, '2018-12-03 09:46:32', '2018-12-03 09:46:32'),
(263, 39, 'Kacie Hilpert', 'Et corrupti ut voluptate et. Ullam repellat aut sed quae. Qui quidem ratione quis eaque facilis. Laboriosam consequatur officia aspernatur ea non in.', 0, '2018-12-03 09:46:32', '2018-12-03 09:46:32'),
(264, 32, 'Caroline Muller', 'Repudiandae eius possimus ipsam. Soluta sapiente dolore a exercitationem nesciunt. Quas earum magnam omnis vitae et culpa cumque. Sapiente rem rerum eum impedit excepturi iste.', 0, '2018-12-03 09:46:32', '2018-12-03 09:46:32'),
(265, 9, 'Elvera Kovacek', 'Mollitia est est voluptas recusandae eligendi reprehenderit id. Asperiores rem accusantium unde ut. Molestiae perferendis illo unde saepe et voluptate.', 5, '2018-12-03 09:46:33', '2018-12-03 09:46:33'),
(266, 50, 'Eudora Kessler', 'Et illo hic quos similique praesentium sequi illo. Perspiciatis ex est voluptas explicabo tenetur suscipit. Porro ullam quia ad. Unde rerum deleniti dolor aut laboriosam.', 2, '2018-12-03 09:46:33', '2018-12-03 09:46:33'),
(267, 18, 'Kayli Prosacco', 'Voluptas et voluptas magnam debitis consequatur molestias dicta ipsa. Omnis non in deleniti eaque quam dolore ducimus. Aperiam qui ut et eligendi quae id libero.', 2, '2018-12-03 09:46:33', '2018-12-03 09:46:33'),
(268, 1, 'Rodger McGlynn', 'Omnis cupiditate qui omnis iusto. Optio sunt nobis suscipit voluptate nostrum distinctio. Beatae quia eum qui reiciendis nihil quae. Ut reiciendis placeat praesentium quia culpa quia amet.', 3, '2018-12-03 09:46:33', '2018-12-03 09:46:33'),
(269, 26, 'Arnaldo Jacobi', 'Totam ea deserunt voluptatem est id. Sunt maiores sunt impedit quia. Id aut non odit impedit. Molestiae repellendus itaque maxime cum.', 3, '2018-12-03 09:46:33', '2018-12-03 09:46:33'),
(270, 43, 'Ella Moen', 'Aut exercitationem omnis qui id hic esse rerum. Aut itaque eveniet iusto qui a deserunt. Minima in quibusdam mollitia voluptatem illum similique id. Praesentium et quia culpa ut.', 5, '2018-12-03 09:46:33', '2018-12-03 09:46:33'),
(271, 46, 'Maurine Beahan DDS', 'Est sit quo voluptate adipisci quia veritatis est at. Ut assumenda enim unde esse illum eum expedita sit. Reprehenderit dolorem rerum sint alias occaecati accusamus.', 1, '2018-12-03 09:46:33', '2018-12-03 09:46:33'),
(272, 2, 'Herbert Becker', 'Maxime nisi et qui soluta voluptate alias itaque unde. Non magni quas est quae fugit magnam dolores. Quia praesentium consequuntur qui animi.', 0, '2018-12-03 09:46:33', '2018-12-03 09:46:33'),
(273, 46, 'Jarvis Muller Sr.', 'Exercitationem tempore quas possimus eum ut minus est. Molestiae esse sint qui quaerat. Molestiae quo sint aut.', 0, '2018-12-03 09:46:33', '2018-12-03 09:46:33'),
(274, 21, 'Maurice Haag', 'Voluptatem vero vero et tempore accusantium architecto. Ad odit quidem quis animi cupiditate.', 2, '2018-12-03 09:46:33', '2018-12-03 09:46:33'),
(275, 35, 'Halie Hoeger', 'Autem magni ut adipisci illo. Qui officia aut veritatis saepe totam quibusdam dolorem. Quas a dolorem laudantium neque dolores nesciunt eum quidem.', 2, '2018-12-03 09:46:33', '2018-12-03 09:46:33'),
(276, 6, 'Gillian Bernhard', 'Reprehenderit et inventore veniam facere. Nihil rem pariatur sed totam. Tempora non est amet sunt. Eos aut quibusdam laboriosam molestias.', 5, '2018-12-03 09:46:33', '2018-12-03 09:46:33'),
(277, 26, 'Charley Carter', 'Enim soluta asperiores delectus eum veniam. Dolor cumque voluptatum et impedit. Ut sed ex voluptatum ratione voluptatum dolores.', 5, '2018-12-03 09:46:33', '2018-12-03 09:46:33'),
(278, 27, 'Dante Langworth', 'Est voluptatem sequi voluptatum ut cupiditate voluptates. Id eius ut mollitia nam aut blanditiis. Nobis repellendus aut distinctio molestiae quibusdam.', 2, '2018-12-03 09:46:33', '2018-12-03 09:46:33'),
(279, 39, 'Jayce Bergstrom Jr.', 'Quo qui qui dolorem tempora qui delectus. Quam quia architecto temporibus quia in eaque ipsum. Voluptatibus dolor ut quo et necessitatibus ipsa tempora.', 5, '2018-12-03 09:46:33', '2018-12-03 09:46:33'),
(280, 14, 'Marlee Hickle', 'Voluptates nisi dolorem quae. Sapiente incidunt maiores vitae sed. Natus sed pariatur est velit dignissimos ab est. Possimus excepturi et et distinctio deleniti eum labore.', 2, '2018-12-03 09:46:33', '2018-12-03 09:46:33'),
(281, 10, 'Kim Mueller V', 'Sapiente adipisci qui distinctio culpa. Quis sed quaerat et officia dolorem similique fugiat. Eos ex delectus quod reprehenderit illo. Nesciunt et enim est numquam.', 5, '2018-12-03 09:46:34', '2018-12-03 09:46:34'),
(282, 25, 'Mrs. Rosella Donnelly IV', 'Et esse error nostrum quia dolore cum. Esse sapiente enim eligendi vel aut est molestiae. Atque enim sit accusantium nisi.', 1, '2018-12-03 09:46:34', '2018-12-03 09:46:34'),
(283, 31, 'Mr. Gunnar Kling', 'Repellendus temporibus enim dolorum asperiores. Eum quo quo provident velit atque. Laboriosam totam voluptatem sit omnis. Sequi amet at assumenda soluta sed enim et.', 3, '2018-12-03 09:46:34', '2018-12-03 09:46:34'),
(284, 37, 'Herbert Mohr Sr.', 'Esse ipsam omnis reiciendis ullam eaque. Laudantium tempore non aliquam dignissimos. Rem ut repellendus corrupti ut. Dolor dolorem quibusdam accusamus aliquam optio consectetur ut.', 0, '2018-12-03 09:46:34', '2018-12-03 09:46:34'),
(285, 44, 'Kelvin Nikolaus', 'Laudantium nihil tempore vitae laudantium inventore iste. Error voluptatem officiis voluptates omnis et officia aut. Fuga porro reiciendis dolores molestiae molestiae dolorem.', 2, '2018-12-03 09:46:34', '2018-12-03 09:46:34'),
(286, 18, 'Marjolaine Hane', 'Sint sed facere et quia recusandae labore occaecati similique. Qui omnis excepturi esse est vero eum. Sunt quidem occaecati laboriosam sit quo iste asperiores.', 5, '2018-12-03 09:46:34', '2018-12-03 09:46:34'),
(287, 20, 'Dr. Demetrius Zieme', 'Sint nihil omnis impedit temporibus voluptatem et sint. Itaque recusandae repellat natus hic et. Nostrum laborum vitae repudiandae qui nisi autem.', 0, '2018-12-03 09:46:34', '2018-12-03 09:46:34'),
(288, 25, 'Maude Botsford V', 'Qui eos explicabo consequuntur cupiditate et totam consequatur aliquam. Quia distinctio id non voluptatibus. Quasi assumenda esse accusamus et.', 0, '2018-12-03 09:46:34', '2018-12-03 09:46:34'),
(289, 13, 'Elody Schmeler', 'Et veritatis pariatur autem aut labore libero. Id quis sint laborum ut magni fugiat. Odit ad ratione veritatis similique.', 1, '2018-12-03 09:46:34', '2018-12-03 09:46:34'),
(290, 30, 'Paul Turcotte', 'Aut dolore qui sint consequatur consequatur quaerat nihil. Hic vero sunt similique vero facilis. Quo et commodi autem fugiat et.', 2, '2018-12-03 09:46:34', '2018-12-03 09:46:34'),
(291, 5, 'Prof. Emmett Lakin', 'Sapiente et itaque incidunt est soluta iste. Dolores enim non eum autem minus. Voluptatem magni unde possimus vitae voluptates accusantium sit.', 5, '2018-12-03 09:46:34', '2018-12-03 09:46:34'),
(292, 31, 'Angeline Friesen', 'Quibusdam adipisci placeat natus voluptatem ab natus. Voluptatem nihil harum quas nihil et porro. Labore veritatis cumque quia molestiae fugiat.', 5, '2018-12-03 09:46:34', '2018-12-03 09:46:34'),
(293, 44, 'Wallace Price', 'Et rerum assumenda sapiente nobis et sint ut. Distinctio unde sunt labore aut.', 4, '2018-12-03 09:46:34', '2018-12-03 09:46:34'),
(294, 28, 'Dr. Emmet Frami', 'Temporibus est voluptas quia et inventore eius. Velit perferendis ratione temporibus est. Iusto alias quo voluptatibus suscipit sed ea. Ratione voluptas in consequuntur quod deleniti et quia.', 0, '2018-12-03 09:46:34', '2018-12-03 09:46:34'),
(295, 48, 'Adrianna Bailey', 'Minima officiis eaque quia. In est perferendis voluptates accusamus consequatur. Minus explicabo quasi ipsum magni sapiente quia laboriosam.', 2, '2018-12-03 09:46:35', '2018-12-03 09:46:35'),
(296, 47, 'Karlie Cassin', 'Nihil porro molestiae quidem qui rem earum velit. Molestiae explicabo aut quia quaerat omnis. Ducimus voluptatem sequi ipsa modi ab consequuntur. Natus in ut sed pariatur enim perspiciatis.', 0, '2018-12-03 09:46:35', '2018-12-03 09:46:35'),
(297, 13, 'Dennis Bernhard PhD', 'Et eius aut neque. Voluptate qui quod earum quo. Minus hic aut consequatur mollitia eum asperiores perspiciatis.', 3, '2018-12-03 09:46:35', '2018-12-03 09:46:35'),
(298, 16, 'Lera Murray V', 'Vitae placeat aut molestiae eligendi quidem. Sit voluptatibus qui assumenda labore dicta. Dolor odio labore eos officia voluptatem eum dolorem. Sit esse iure quaerat voluptatem.', 5, '2018-12-03 09:46:35', '2018-12-03 09:46:35'),
(299, 9, 'Abdiel Hilpert', 'Delectus odio inventore earum esse rerum. Qui quia optio molestiae rem.', 2, '2018-12-03 09:46:35', '2018-12-03 09:46:35'),
(300, 11, 'Miss Summer Beier DDS', 'Earum ex nemo vel. Omnis commodi iusto officia eos.', 3, '2018-12-03 09:46:35', '2018-12-03 09:46:35');

-- --------------------------------------------------------

--
-- Table structure for table `users`
--

CREATE TABLE `users` (
  `id` int(10) UNSIGNED NOT NULL,
  `name` varchar(191) COLLATE utf8mb4_unicode_ci NOT NULL,
  `email` varchar(191) COLLATE utf8mb4_unicode_ci NOT NULL,
  `password` varchar(191) COLLATE utf8mb4_unicode_ci NOT NULL,
  `remember_token` varchar(100) COLLATE utf8mb4_unicode_ci DEFAULT NULL,
  `created_at` timestamp NULL DEFAULT NULL,
  `updated_at` timestamp NULL DEFAULT NULL
) ENGINE=InnoDB DEFAULT CHARSET=utf8mb4 COLLATE=utf8mb4_unicode_ci;

--
-- Indexes for dumped tables
--

--
-- Indexes for table `migrations`
--
ALTER TABLE `migrations`
  ADD PRIMARY KEY (`id`);

--
-- Indexes for table `password_resets`
--
ALTER TABLE `password_resets`
  ADD KEY `password_resets_email_index` (`email`);

--
-- Indexes for table `products`
--
ALTER TABLE `products`
  ADD PRIMARY KEY (`id`);

--
-- Indexes for table `reviews`
--
ALTER TABLE `reviews`
  ADD PRIMARY KEY (`id`),
  ADD KEY `reviews_product_id_index` (`product_id`);

--
-- Indexes for table `users`
--
ALTER TABLE `users`
  ADD PRIMARY KEY (`id`),
  ADD UNIQUE KEY `users_email_unique` (`email`);

--
-- AUTO_INCREMENT for dumped tables
--

--
-- AUTO_INCREMENT for table `migrations`
--
ALTER TABLE `migrations`
  MODIFY `id` int(10) UNSIGNED NOT NULL AUTO_INCREMENT, AUTO_INCREMENT=5;

--
-- AUTO_INCREMENT for table `products`
--
ALTER TABLE `products`
  MODIFY `id` int(10) UNSIGNED NOT NULL AUTO_INCREMENT, AUTO_INCREMENT=51;

--
-- AUTO_INCREMENT for table `reviews`
--
ALTER TABLE `reviews`
  MODIFY `id` int(10) UNSIGNED NOT NULL AUTO_INCREMENT, AUTO_INCREMENT=301;

--
-- AUTO_INCREMENT for table `users`
--
ALTER TABLE `users`
  MODIFY `id` int(10) UNSIGNED NOT NULL AUTO_INCREMENT;

--
-- Constraints for dumped tables
--

--
-- Constraints for table `reviews`
--
ALTER TABLE `reviews`
  ADD CONSTRAINT `reviews_product_id_foreign` FOREIGN KEY (`product_id`) REFERENCES `products` (`id`) ON DELETE CASCADE;
COMMIT;

/*!40101 SET CHARACTER_SET_CLIENT=@OLD_CHARACTER_SET_CLIENT */;
/*!40101 SET CHARACTER_SET_RESULTS=@OLD_CHARACTER_SET_RESULTS */;
/*!40101 SET COLLATION_CONNECTION=@OLD_COLLATION_CONNECTION */;
